Descripcio;Nom_comercial;Codi_carrer;Nom_carrer;Numero_inf;Lletra_inf;Accessori_inf;Numero_sup;Lletra_sup; Accessori_sup;Escala;Pis;Porta;Id_edifici;utm_x_etrs89; utm_y_etrs89;lon;lat
BAR-RESTAURANT SENSE ELEMENTS DE COCCIÓ;LOTTUS CAFFE;2;Avinguda del Vint de Juny;7;-;N;;-;N;-;BS;-;3946;485009;4647997;2,81903363;41,98383246
CENTRE CÍVIC: SALES D'ACTES/AUDITORIS-SALES POLIVALENTS-BAR-BIBLIOTECA;CENTRE CÍVIC CAN MARFÀ;4;Carrer de Baix;2;-;N;;-;N;-;BS;1;4781;483978;4647359;2,8066052;41,97806593
BAR RESTAURANT (CAT. 3);SIDRAL;4;Carrer de Baix;40;-;N;;-;N;-;BS;-;4795;483911;4647284;2,80579852;41,97738906
BAR - RESTAURANT (CAT.3);NU;6;Carrer dels Abeuradors;4;-;N;;-;N;-;BS;-;11007;485467;4647954;2,82456349;41,98345376
BAR RESTAURANT (CAT. 3);MARI;8;Carrer d'Enric Adroher i Pascual;14;-;S;;-;N;-;BS;-;7362;484814;4648956;2,81665489;41,99246609
BAR;CAL TIET;9;Carrer de les Agudes;18;-;N;;-;N;-;BS;1;5414;483620;4647139;2,80229008;41,9760771
BAR RESTAURANT (CAT. 3);EL BARCO;9;Carrer de les Agudes;20;-;N;;-;N;-;BS;-;5415;483641;4647110;2,80254436;41,97581635
BAR;ESCAPA;9;Carrer de les Agudes;25;-;N;;-;N;-;BS;A;5245;483685;4647067;2,80307664;41,97542997
BAR;DON COPAS;9;Carrer de les Agudes;30;-;N;;-;N;-;BS;2;5431;483659;4647021;2,8027641;41,97501513
BAR;LA PLAÇA;9;Carrer de les Agudes;30;-;N;;-;N;-;BS;3;5431;483659;4647021;2,8027641;41,97501513
BAR RESTAURANT (CAT.3);LA FONDA DE L'ENRIC;9;Carrer de les Agudes;35;-;N;;-;N;-;BS;1;5227;483699;4646993;2,80324767;41,97476377
BAR;MESON CAN GIBERT;9;Carrer de les Agudes;56;-;N;;-;N;-;BS;1;5691;483674;4646842;2,80295012;41,97340325
BAR RESTAURANT (CAT.1);LIN;9;Carrer de les Agudes;58;-;N;;-;N;-;BS;-;5692;483668;4646829;2,80287806;41,97328604
CASINO AMB BAR;CASINO DE GIRONA;14;Carrer de l'Albereda;7;-;N;;-;N;-;1;-;102;485443;4647812;2,82427729;41,98217437
BAR RESTAURANT (CAT. 2);EL RACÓ DEL CAVA;14;Carrer de l'Albereda;15;-;N;;-;N;-;BS;1;98;485424;4647752;2,82404943;41,98163362
BAR-RESTAURANT (CAT. 1) AMB VENDA DE PRODUCTES ALIMENTARIS ENVASATS;na;14;Carrer de l'Albereda;15;-;N;;-;N;-;BS;2;98;485424;4647752;2,82404943;41,98163362
HOTEL AMB BAR-RESTAURANT DE CLASSE 2;HOTEL HISTÒRIC;16;Carrer dels Alemanys;1;-;N;;-;N;-;-;-;5918;485636;4648268;2,82659591;41,98628494
BAR AMB TERRASSA PRIVADA;JIMMY'S BAR;16;Carrer dels Alemanys;10;-;N;;-;N;-;BS;-;5880;485702;4648271;2,82739259;41,98631316
BAR RESTAURANT (CAT. 3);EL DESIG;24;Carrer d'Andreu Tuyet i Santamaria;20;-;N;;-;N;-;BS;-;1951;485657;4646706;2,82688753;41,97221692
BAR;BAR TUYET 25;24;Carrer d'Andreu Tuyet i Santamaria;25;-;N;;-;N;-;BS;2;1917;485750;4646750;2,82800892;41,97261491
BAR;GRANJA CAFETERIA JAFER;24;Carrer d'Andreu Tuyet i Santamaria;31;-;N;;-;N;-;BS;3;1917;485750;4646750;2,82800892;41,97261491
BAR;CAPILLA;25;Carrer de l'Aneto;16;-;N;;-;N;-;BS;-;7668;483642;4649298;2,80249553;41,99552289
BAR RESTAURANT (CAT. 3) I ELABORACIÓ I VENDA DE GELATS;KERUNTA;29;Carrer d'Anselm Clavé i Camps;9;-;N;;-;N;-;BS;-;3794;485335;4648148;2,82296521;41,9851986
BAR- RESTAURANT (CAT.1);ESCONXURO;29;Carrer d'Anselm Clavé i Camps;22;-;N;;-;N;-;BS;-;3845;485317;4648163;2,82274754;41,98533336
BAR;SHABI KEBAB;29;Carrer d'Anselm Clavé i Camps;26;-;N;;-;N;-;BS;-;3847;485309;4648158;2,82265109;41,98528818
BAR-RESTAURANT;LA PUJADA;33;Carrer d'Aragó;16;-;N;;-;N;-;-;-;3597;484082;4644367;2,80794148;41,95112007
BAR-RESTAURANT;na;33;Carrer d'Aragó;58;-;N;;-;N;-;-;1;3559;484696;4644456;2,81534734;41,95193382
BAR;SANT NARCIS;39;Plaça de l'Assumpció;17;-;N;;-;N;-;-;-;4490;484308;4647045;2,81059685;41,97524448
BAR RESTAURANT (CAT. 3);BAR RESTAURANT BUFFET CITY;40;Carrer d'Astúries;53;-;N;;-;N;-;-;-;11687;484115;4644680;2,80833119;41,95393983
XIQUI PARK (ZONA JOCS INFANTILS + BAR RESTAURANT (CAT.3));LUA'S PARK;40;Carrer d'Astúries;55;-;N;;-;N;-;-;-;11686;484134;4644701;2,80855988;41,95412935
BAR RESTAURANT (CAT. 2) AMB VENDA DE PRODUCTES DE PASTISSERIA;PA'TY;47;Carrer de Bailèn;4;-;N;;-;N;-;BS;1;1120;484938;4647590;2,81818698;41,9801654
BAR SENSE ELEMENTS DE COCCIÓ;KDIEGO;48;Carrer del Balandrau;9;-;N;;-;N;-;BS;4;10691;484083;4647016;2,80788189;41,97497877
BAR RESTAURANT (CAT. 3) AMB ZONA DE VENDA;1810 GASTRONOMIA MEXICANA;51;Carrer de les Ballesteries;1;-;N;;-;N;-;BS;2;5993;485485;4648173;2,82477537;41,98542654
BAR;LA TERRA;51;Carrer de les Ballesteries;23;-;N;;-;N;-;BS;-;6004;485484;4648223;2,82476207;41,98587686
BAR SENSE ELEMENTS DE COCCIÓ;EL PATI DE LA VEÏNA;51;Carrer de les Ballesteries;45;-;N;;-;N;-;BS;1;6014;485470;4648283;2,82459157;41,986417
BAR RESTAURANT (CAT. 3);BALMES;52;Carrer de Jaume Balmes;3;-;N;;-;N;-;BS;1;2645;484993;4647074;2,81886405;41,97551901
BAR RESTAURANT (CAT. 3) AMB MÚSICA DE FONS AMBIENTAL;PEIX DE LA TEVA COSTA;52;Carrer de Jaume Balmes;16;-;N;;-;N;-;BS;-;2632;485026;4647106;2,81926154;41,97580785
BAR-RESTAURANT (CAT. 3) AMB MÚSICA DE FONS AMBIENTAL;THE RIVER CAFÈ;55;Carrer de la Barca;2;-;N;8;-;N;-;BS;3;6071;485455;4648494;2,82440527;41,98831712
BAR RESTAURANT (CAT. 2);LA VEDETTE;55;Carrer de la Barca;17;-;N;;-;N;-;BS;1;6070;485439;4648543;2,8242109;41,98875815
BAR SENSE ELEMENTS DE COCCIÓ;EL PRIMER GLOP;55;Carrer de la Barca;23;-;N;;-;N;-;BS;-;6055;485459;4648573;2,82445161;41,98902872
BAR RESTAURANT (CAT. 3) SENSE ELEMENTS DE COCCIÓ;XANTAR;55;Carrer de la Barca;24;-;N;26;-;N;-;BS;-;6086;485484;4648553;2,82475391;41,98884905
BAR RESTAURANT (CAT. 3);MOMA CAFÈ;56;Carrer de Barcelona;5;-;N;;-;N;-;BS;-;1160;485015;4647699;2,81911366;41,98114859
BAR I VENDA DE PA;GIROPA;56;Carrer de Barcelona;31;-;N;;-;N;-;BS;4;1231;484966;4647519;2,81852678;41,97952646
BAR RESTAURANT (CAT. 1);BUS STOP BAR;56;Carrer de Barcelona;35;-;N;;-;N;-;BS;1;1229;484942;4647480;2,81823808;41,97917474
BAR RESTAURANT (CAT. 3);BLESSING;56;Carrer de Barcelona;48;-;N;;-;N;-;BS;-;1134;484836;4647290;2,81696348;41,97746145
BAR RESTAURANT (CAT. 3);MIRAN;56;Carrer de Barcelona;81;-;N;;-;N;-;BS;2;1572;484711;4646704;2,81546991;41,97218113
BAR RESTAURANT (CAT. 3);HUSSAIN DONER KEBAB;56;Carrer de Barcelona;83;-;N;;-;N;-;BS;2;1571;484706;4646689;2,81540996;41,97204593
BAR;EL MATINER;56;Carrer de Barcelona;83;-;N;;-;N;-;BS;3;1571;484706;4646689;2,81540996;41,97204593
BAR-RESTAURANT (CAT. 3);KASEUS;56;Carrer de Barcelona;85;-;N;;-;N;-;BS;1;1570;484704;4646677;2,81538613;41,97193781
BAR RESTAURANT (CAT. 1);EL RACÓ D'EPI I BLAS;56;Carrer de Barcelona;87;-;N;;-;N;-;BS;1;1610;484695;4646661;2,81527792;41,97179353
BAR RESTAURANT (CAT. 2);EL CONFESSIONARI;56;Carrer de Barcelona;99;-;N;;-;N;-;BS;2;1623;484676;4646585;2,81505059;41,97110865
BAR RESTAURANT (CAT. 3) AMB ELABORACIÓ DE PIZZES PER EMPORTAR;L'ORA DELLA PIZZA;56;Carrer de Barcelona;124;-;N;;-;N;-;BS;A1;10996;484567;4646393;2,81374008;41,96937725
BAR RESTAURANT (CAT. 3);PORCUS;56;Carrer de Barcelona;209;-;N;;-;N;-;-;-;3544;484453;4645719;2,81238204;41,96330451
VENDA AL MENOR DE BARBACOES I HIDRONETEJADORES;WEBER CENTER GIRONA;56;Carrer de Barcelona;405;A;N;;-;N;-;-;-;11190;484145;4644775;2,80869061;41,95479607
BAR RESTAURANT (CAT. 2) AMB VENDA DE MENJARS CUINATS PER EMPORTAR;PLATS CUINATS JOAN VICENS;56;Carrer de Barcelona;427;-;N;;-;N;-;BS;-;3633;484080;4644609;2,8079108;41,95329965
BAR;APOLO;60;Carrer del Bassegoda;10;-;N;;-;N;-;BS;-;5219;483810;4647171;2,80458253;41,97636924
FONDA/BAR-RESTAURANT (CAT.3);ALHAMBRA;60;Carrer del Bassegoda;18;-;N;;-;N;-;BS;-;5192;483827;4647112;2,80478934;41,9758382
BAR RESTAURANT (CAT. 2);LOS AMIGOS;61;Carrer de Bastiments;1;-;N;;-;N;-;BS;2;4859;484115;4646868;2,80827212;41,97364643
BAR AMB SALA D'INTERNET;FRANGIPANE;61;Carrer de Bastiments;7;-;S;;-;N;-;BS;1;4858;484082;4646878;2,80787355;41,97373583
BAR;ZONA VIP;61;Carrer de Bastiments;9;-;N;;-;N;-;BS;3;5638;484031;4646905;2,80725726;41,97397798
BAR;BAR RAFA;61;Carrer de Bastiments;9;-;N;;-;N;-;BS;2;5638;484031;4646905;2,80725726;41,97397798
BAR RESTAURANT (CAT. 1) SENSE ELEMENTS DE COCCIÓ;EL VINITU;64;Plaça dels Bell-lloc;4;-;N;;-;N;-;BS;4;75;485475;4647845;2,82466276;41,98247218
BAR;LA MALABARISTA;64;Plaça dels Bell-lloc;4;-;N;;-;N;-;BS;2;75;485475;4647845;2,82466276;41,98247218
BAR AMB OBRADOR PER ELABORACIÓ MENJARS PREPARATS;CAN CANALLA;64;Plaça dels Bell-lloc;4;-;N;;-;N;-;BS;3;75;485475;4647845;2,82466276;41,98247218
BAR RESTAURANT (CAT. 3);CURCUMA;64;Plaça dels Bell-lloc;4;-;N;;-;N;-;BS;1;75;485475;4647845;2,82466276;41,98247218
BAR RESTAURANT;LA TASCA;66;Carrer del Bellaire;7;-;N;;-;N;-;BS;1;6090;485501;4648571;2,8249587;41,98901148
BAR;L'ARBRE;66;Carrer del Bellaire;13;-;N;;-;N;-;BS;-;6058;485462;4648596;2,82448725;41,98923593
BAR-RESTAURANT (CAT. 3);CAN SALA;69;Carrer de Berenguer Carnicer;3;-;N;;-;N;-;BS;1;3867;485329;4648412;2,82288619;41,98757624
BAR;LA BUXEDA;71;Carrer de Bernat Boades;3;-;N;;-;N;-;BS;1;4086;484918;4647935;2,81793671;41,98327231
BAR-RESTAURANT (CAT. 2) AMB ELABORACIÓ I VENDA DE PA;LA TORRATXA;71;Carrer de Bernat Boades;27;-;N;;-;N;-;BS;2;4231;484709;4647831;2,81541647;41,98233159
BAR RESTAURANT (CAT. 3);EL CALIU;71;Carrer de Bernat Boades;45;-;N;;-;N;-;BS;1;10969;484516;4647690;2,81309042;41,98105788
BAR RESTAURANT (CAT. 3);QUÈ TAL?;71;Carrer de Bernat Boades;66;-;N;;-;N;-;BS;A;8846;484625;4647700;2,8144059;41,98115008
BAR;LA PEDRERA;71;Carrer de Bernat Boades;92;-;N;;-;N;-;BS;1;4211;484388;4647568;2,81154856;41,97995655
BAR RESTAURANT (CAT. 3) AMB FORN DE LLENYA;LA NUOVA PULCINELLA;74;Carrer de Tomás de Lorenzana;18;-;N;20;-;N;-;BS;2;1303;485263;4647377;2,82211536;41,97825313
BAR RESTAURANT;NELSON;74;Carrer de Tomás de Lorenzana;44;-;N;;-;N;A;BS;1;1225;484985;4647489;2,81875689;41,97925662
BAR;OASIS;74;Carrer de Tomás de Lorenzana;45;-;N;;-;N;-;BS;1;1382;485002;4647422;2,8189638;41,9786535
BAR RESTAURANT (CAT. 2);SHOTS;74;Carrer de Tomás de Lorenzana;47;-;N;;-;N;-;BS;2;1381;484991;4647424;2,81883097;41,97867131
BAR RESTAURANT (CAT. 2);EL RACÓ DEL PARC;75;Carrer de Bisbe Sivilla;6;-;N;;-;N;-;BS;DR;4240;484663;4647560;2,81486826;41,97988989
BAR RESTAURANT (CAT. 1);RO-SER;75;Carrer de Bisbe Sivilla;8;-;N;;-;N;-;BS;1;4240;484663;4647560;2,81486826;41,97988989
BAR RESTAURANT (CAT. 3) I VENDA DE MENJARS PREPARATS;BAR ESTACIÓ;75;Carrer de Bisbe Sivilla;10;-;N;;-;N;-;BS;2;4240;484663;4647560;2,81486826;41,97988989
BAR-RESTAURANT (CAT. 3);TXALAKA;78;Carrer de Bonastruc de Porta;4;-;N;;-;N;-;BS;-;3986;485093;4648211;2,82004222;41,98576148
BAR MUSICAL;LOLA CAFÈ;79;Carrer de Bonaventura Carreras i Peralta;7;-;N;;-;N;-;BS;1;5814;485534;4648140;2,82536771;41,98513023
BAR SENSE ELEMENTS DE COCCIÓ;THE UNICORNER;79;Carrer de Bonaventura Carreras i Peralta;7;-;N;;-;N;-;BS;2;5814;485534;4648140;2,82536771;41,98513023
BAR RESTAURANT (CAT. 2);LES QUATRE ESTACIONS;79;Carrer de Bonaventura Carreras i Peralta;11;-;N;;-;N;-;BS;-;5813;485518;4648153;2,82517424;41,98524702
BAR;1810 TACOS & TAPAS MEXICAN FOOD;88;Carrer dels Calderers;6;-;N;;-;N;-;BS;-;6042;485444;4648400;2,8242748;41,9874703
BAR-RESTAURANT (CAT. 1) AMB MÚSICA DE FONS AMBIENTAL;EL CUL DE LA LLEONA;88;Carrer dels Calderers;8;-;N;;-;N;-;BS;-;6043;485443;4648405;2,82426261;41,98751531
BAR RESTAURANT;CAN MARQUÈS;89;Plaça de Francesc Calvet i Rubalcaba;3;-;N;;-;N;-;BS;15;1092;485325;4647606;2,82285802;41,98031681
BAR RESTAURANT (CAT. 1);LA GRANJA;95;Carrer de Campcardós;27;-;N;29;-;N;-;BS;1;5648;483881;4646879;2,80544751;41,97374075
BAR;CAFETERIA FÒRUM;95;Carrer de Campcardós;44;-;N;46;-;N;-;BS;2;8695;483919;4646899;2,80590562;41,97392166
BAR;KIUBO;95;Carrer de Campcardós;61;-;N;;-;N;-;BS;1;5689;483677;4646880;2,80298527;41,97374556
BAR;LA BRUIXETA;95;Carrer de Campcardós;74;-;N;;-;N;-;BS;1;5667;483708;4646918;2,80335838;41,97408846
BAR RESTAURANT (CAT. 3);CAN BARCELÓ;99;Disseminat de Campdorà;72;-;N;;-;N;-;-;-;10433;486743;4652464;2,83986497;42,02409615
BAR-RESTAURANT (CAT. 3);DOMENY;108;Carrer de Can Torroella;9;-;N;;-;N;-;BS;1;8386;482572;4648645;2,78959594;41,98961861
CLUB DE TIR AMB BAR-RESTAURANT (CAT. 3);BAR RESTAURANT CLUB TIR OLÍMPIC;108;Carrer de Can Torroella;35;-;N;39;-;N;-;-;-;12845;482288;4648291;2,78617797;41,98642393
BAR;BAGELS AND BEERS;111;Passeig de José Canalejas;1;-;N;;-;N;-;BS;2;3858;485375;4648295;2,82344443;41,98652332
BAR SENSE ELEMENTS DE COCCIÓ;REVOX CAFÉ;111;Passeig de José Canalejas;2;-;N;;-;N;-;BS;1;3858;485375;4648295;2,82344443;41,98652332
BAR-SALA DE BALL (DISCOTECA);GOSSIP;111;Passeig de José Canalejas;2;-;N;;-;N;-;BS;2;3858;485375;4648295;2,82344443;41,98652332
BAR-RESTAURANT (CAT. 3);BUBBLES;111;Passeig de José Canalejas;6;-;N;;-;N;-;-;-;10830;485348;4648381;2,82311633;41,98729739
BAR RESTAURANT (CAT. 3) AMB MÚSICA DE FONS AMBIENTAL;DUBAI SISHA LOUNGE;122;Carrer de Cardenal Margarit;6;-;N;;-;N;-;BS;-;11671;485179;4647177;2,82110648;41,97645022
BAR;EL CANTIR;122;Carrer de Cardenal Margarit;9;-;N;;-;N;-;-;-;1444;485201;4647156;2,82137255;41,97626149
BAR RESTAURANT (CAT. 2);TERRAL;122;Carrer de Cardenal Margarit;11;-;N;;-;N;-;BS;-;1443;485198;4647145;2,82133662;41,97616236
BAR SENSE ELEMENTS DE COCCIÓ;EL SÍMBOL;125;Carrer del Carme;20;-;N;;-;N;-;BS;1;603;485574;4646991;2,82587878;41,97478231
BAR;BIONBO;125;Carrer del Carme;75;-;N;;-;N;-;BS;-;369;485466;4647370;2,82456586;41,97819385
BAR RESTAURANT (CAT. 1);BAR ONYAR;125;Carrer del Carme;189;-;N;;-;N;-;BS;1;477;485616;4647011;2,82638522;41,97496321
BAR RESTAURANT (CAT. 3);LA MADUIXA;128;Travessia del Carril;2;-;N;;-;N;-;BS;4;1102;484922;4647750;2,81798974;41,98160616
BAR;EL RINCÓN DEL BANI;138;Carrer del Castell de Solterra;5;-;N;;-;N;-;BS;3;1918;485722;4646779;2,82767027;41,97287559
BAR-RESTAURANT (CAT. 3);PONT DE PEDRA;140;Plaça de Catalunya;2;-;N;;-;N;-;BS;-;11151;485429;4647847;2,82410743;41,98248934
BAR AMB VENDA DE PA;EL PESSIC;140;Plaça de Catalunya;10;-;N;;-;N;-;BS;1;84;485406;4647777;2,82383152;41,98185845
BAR-RESTAURANT (CAT. 2) I PUNT DE VENDA DE PA;PLIS PLAS;140;Plaça de Catalunya;21;-;N;;-;N;-;BS;4;1062;485316;4647748;2,82274584;41,98159559
BAR RESTAURANT (CAT. 1);BLEND SPECIALITY COFFEE;140;Plaça de Catalunya;21;-;N;;-;N;-;BS;1;1062;485316;4647748;2,82274584;41,98159559
BAR SENSE ELEMENTS DE COCCIÓ;PORCUS;140;Plaça de Catalunya;25;-;N;;-;N;-;BS;1;1045;485313;4647780;2,82270882;41,98188374
BAR RESTAURANT (CAT. 2);SI NO FOS;140;Plaça de Catalunya;25;-;N;;-;N;-;BS;2;1045;485313;4647780;2,82270882;41,98188374
BAR-RESTAURANT;BAU BAR;142;Plaça de la Catedral;8;-;N;;-;N;-;-;1;5947;485534;4648357;2,82536237;41,98708467
BAR;CAFE L'ARC;142;Plaça de la Catedral;9;-;N;;-;N;-;BS;-;5984;485512;4648365;2,82509658;41,98715632
BAR;KIU;144;Carrer de Caterina Albert;1;-;N;;-;N;-;BS;-;4075;484518;4648045;2,81310521;41,98425528
BAR RESTAURANT (CAT. 3);AMBER;147;Carrer de Cerverí;5;-;N;;-;N;-;BS;-;11851;484982;4648154;2,81870369;41,98524599
BAR;EMIRATES DRINKS;147;Carrer de Cerverí;7;-;N;;-;N;-;BS;1;3984;484975;4648175;2,81861865;41,985435
BAR RESTAURANT (CAT.3);EMIRATES;147;Carrer de Cerverí;9;-;N;;-;N;-;BS;-;3983;484970;4648190;2,8185579;41,98557
BAR AMB VENDA DE PA;EL PETIT FORNET;148;Carrer del Cervino;12;-;N;;-;N;-;BS;-;7573;483814;4649191;2,80457518;41,99456273
BAR;EL CAFÈ;149;Carrer dels Ciutadans;1;-;N;;-;N;-;BS;-;5723;485485;4647947;2,82478095;41,98339104
BAR SENSE ELEMENTS DE COCCIÓ;EL CERCLE;149;Carrer dels Ciutadans;8;-;N;;-;N;-;BS;-;32;485538;4647951;2,82542065;41,98342804
BAR RESTAURANT (CAT. 3);LA SALSA DE GIRONA;149;Carrer dels Ciutadans;14;-;N;;-;N;-;BS;1;23;485540;4647996;2,82544368;41,98383338
BAR-RESTAURANT (CAT. 2);ARRÒS I PEIX;149;Carrer dels Ciutadans;20;-;N;;-;N;-;-;-;5867;485559;4648061;2,82567145;41,98441916
BAR RESTAURANT (CAT. 3);LA FERLA;150;Carrer de la Claveria;6;-;N;;-;N;-;BS;1;5903;485573;4648273;2,82583525;41,98632883
BAR RESTAURANT (CAT. 3);CAFETERIA PANDI;158;Carrer del Cor de Maria;9;-;N;;-;N;-;BS;1;2649;484960;4647085;2,81846545;41,97561746
BAR RESTAURANT (CAT. 3);ALL I CEBA;160;Carrer de Còrsega;2;-;S;;-;N;-;BS;-;6804;485443;4650298;2,82421569;42,00456486
BAR AMB MÚSICA DE FONS AMBIENTAL;BROTS DE VI;161;Carrer de la Cort Reial;1;-;N;;-;N;-;BS;3;5798;485542;4648085;2,82546564;41,98463501
BAR-RESTAURANT (CAT.1);MAGUEY;161;Carrer de la Cort Reial;1;-;N;;-;N;-;BS;1;5798;485542;4648085;2,82546564;41,98463501
BAR RESTAURANT (CAT. 3);DRAPS;161;Carrer de la Cort Reial;2;-;N;;-;N;-;BS;-;11230;485549;4648112;2,82554947;41,98487832
BAR;MUSEU DEL VI;161;Carrer de la Cort Reial;4;-;N;;-;N;-;BS;-;5800;485535;4648111;2,82538049;41,98486905
BAR RESTAURANT (CAT. 3);ZANPANZAR;161;Carrer de la Cort Reial;10;-;N;;-;N;-;BS;-;5803;485523;4648106;2,82523576;41,9848238
BAR-RESTAURANT (CAT. 3);CREPERIA BRETONNE;161;Carrer de la Cort Reial;14;-;N;;-;N;-;BS;-;5807;485522;4648126;2,82522319;41,98500391
BAR RESTAURANT (CAT.1);VINTAGES;161;Carrer de la Cort Reial;15;B;N;;-;N;-;BS;-;5821;485485;4648103;2,8247771;41,98479608
BAR;LA POMA;161;Carrer de la Cort Reial;16;-;N;;-;N;-;BS;-;5808;485512;4648130;2,82510237;41,98503976
BAR RESTAURANT (CAT.1);L'ESTRELLA DEL MAR;161;Carrer de la Cort Reial;17;-;N;;-;N;-;BS;1;5832;485495;4648108;2,8248977;41,9848413
BAR I LLIBRERIA;BAR LLIBRERIA CONTEXT;161;Carrer de la Cort Reial;18;-;N;;-;N;-;BS;1;5809;485511;4648142;2,82509001;41,98514782
BAR;S-BAR-JO;166;Carrer de la Creu;5;-;N;;-;N;-;BS;-;1528;485342;4647026;2,82307769;41,97509326
BAR RESTAURANT (CAT. 3);LA CREU;166;Carrer de la Creu;7;-;N;;-;N;-;BS;-;1527;485322;4647034;2,82283609;41,97516494
BAR RESTAURANT (CAT. 1) AMB COMERÇ AL DETALL DE PRODUCTES ALIMENTARIS;KRONOS;166;Carrer de la Creu;23;-;N;;-;N;-;BS;-;11898;485198;4647076;2,82133835;41,9755409
BAR;MONET;166;Carrer de la Creu;30;-;N;;-;N;-;BS;2;1439;485192;4647113;2,821265;41,97587404
BAR SENSE ELEMENTS DE COCCIÓ;EL CAFÈ;166;Carrer de la Creu;34;-;N;;-;N;-;BS;2;1420;485146;4647123;2,82070952;41,97596324
BAR AMB SERVEI DE FLECA;SANT PAU;166;Carrer de la Creu;34;-;N;;-;N;-;BS;1;1420;485146;4647123;2,82070952;41,97596324
BAR;EXPRÉSSATÉ;166;Carrer de la Creu;37;-;N;;-;N;A;BS;1;2620;485082;4647086;2,81993798;41,97562878
BAR SENSE ELEMENTS DE COCCIÓ;DOLMA;166;Carrer de la Creu;39;-;N;;-;N;-;BS;1;2634;485054;4647103;2,81959958;41,97578137
BAR RESTAURANT (CAT. 3);BRAVO BRAVO BRAVO;166;Carrer de la Creu;39;-;N;;-;N;-;BS;2;2634;485054;4647103;2,81959958;41,97578137
BAR;EL MOLÍ PAN Y CAFÉ;166;Carrer de la Creu;43;-;N;;-;N;-;BS;A;2633;485031;4647117;2,81932161;41,97590702
BAR SENSE ELEMENTS DE COCCIÓ;DELITALIA;166;Carrer de la Creu;52;-;N;;-;N;-;BS;3;2669;484913;4647195;2,81789534;41,97660729
BAR SENSE ELEMENTS DE COCCIÓ I ELABORACIÓ I VENDA DE PA I PASTISSERIA;EL FORNET DE LA CREU;166;Carrer de la Creu;52;-;N;;-;N;-;BS;2;2669;484913;4647195;2,81789534;41,97660729
BAR RESTAURANT (CAT. 3) AMB TERRASSA EXTERIOR PRIVADA;BM - EL PALAU;168;Pujada de la Creu de Palau;2;-;N;;-;N;-;BS;1;10252;485157;4646223;2,82086501;41,96785744
BAR RESTAURANT (CAT. 3);FÈNIX;169;Travessia de la Creu;5;-;N;;-;N;-;BS;-;1482;485270;4647213;2,82220397;41,97677617
BAR MUSICAL;ESPIT CHUPITOS GIRONA;169;Travessia de la Creu;6;-;N;;-;N;-;BS;-;1409;485244;4647218;2,82189001;41,97682071
BAR-RESTAURANT (CAT. 2);LA TRAVESSERA;169;Travessia de la Creu;13;-;N;;-;N;-;BS;1;1462;485255;4647143;2,82202467;41,97614542
BAR-RESTAURANT (CAT. 3);LA CALÈNDULA;169;Travessia de la Creu;33;-;N;;-;N;-;BS;-;10810;485224;4647033;2,82165326;41,97515411
BAR RESTAURANT (CAT. 1) SENSE ELEMENTS DE COCCIÓ;KUBU;172;Carrer de Cristòfor Grober;4;-;N;;-;N;-;BS;1;3700;485184;4647903;2,82114853;41,98298915
BAR RESTAURANT (CAT. 3);LA ROSALEDA - JARDÍ DEGUSTACIÓ;179;Passeig de la Devesa;1;-;N;;-;N;-;BS;2;8471;485053;4648317;2,81955664;41,98671542
BAR MUSICAL I CAFÈ CONCERT;SALERO CLUB;184;Carrer de Francesc Eiximenis;14;-;N;;-;N;-;BS;2;3815;485234;4648070;2,82174791;41,98449419
COMERÇ AL DETALL DE PRODUCTES ALIMENTARIS AMB BAR SENSE ELEMENTS DE COCCIÓ I SERVEIS COMPLEMENTARIS;SANUM;186;Carrer d'Emili Grahit;2;C;N;;-;N;-;-;-;11188;484895;4647035;2,81768218;41,97516588
BAR RESTAURANT (CAT. 3);10 B - ESPAI D'ÀPATS;186;Carrer d'Emili Grahit;10;B;N;;-;N;-;BS;1;1689;485188;4646944;2,82122098;41,97435184
BAR SENSE ELEMENTS DE COCCIÓ;SIMPLE;186;Carrer d'Emili Grahit;21;-;N;23;-;N;-;BS;1;2639;485027;4647050;2,81927504;41,9753035
PERRUQUERIA BARBERIA;LA BARBERIA D'EN CHRISTIAN;186;Carrer d'Emili Grahit;22;-;N;;-;N;-;BS;2;1709;485314;4646926;2,82274223;41,97419207
BAR RESTAURANT;NEW ALCANTARA;186;Carrer d'Emili Grahit;41;-;N;;-;N;-;BS;-;2614;485104;4647026;2,82020504;41,9750888
BAR RESTAURANT (CAT. 1);BACCUS;186;Carrer d'Emili Grahit;48;-;N;;-;N;-;BS;5;2111;485523;4646872;2,82526614;41,97370958
BAR;TOLE;186;Carrer d'Emili Grahit;50;-;N;;-;N;-;BS;4;2112;485545;4646866;2,82553182;41,97365595
BAR RESTAURANT (cat. 3);THOT;186;Carrer d'Emili Grahit;55;-;N;57;-;N;-;BS;2;1504;485228;4647002;2,82170231;41,97487497
CENTRE UNIVERSITARI AMB BAR-RESTAURANT (CAT. 2);FACULTAT D'EDUCACIÓ I PSICOLOGIA I ESCOLA UNIVERSITÀRIA D'INFERMERIA;186;Carrer d'Emili Grahit;77;-;N;;-;N;-;BS;-;1517;485360;4646982;2,82329604;41,9746973
BAR;CAFETERIA WENDY;188;Carrer d'Empúries;33;-;N;;-;N;-;BS;1;5313;484272;4646417;2,81017912;41,96958758
BAR-RESTAURANT (CAT. 2);MIAO;188;Carrer d'Empúries;37;-;N;;-;N;B;BS;2;5312;484283;4646453;2,81031092;41,96991204
BAR RESTAURANT (CAT.  ) TIPUS KEBAB;BON GUST;188;Carrer d'Empúries;41;-;N;;-;N;-;BS;2;5283;484298;4646501;2,81049067;41,97034465
BAR-RESTAURANT (CAT. 2);EMPÚRIES;188;Carrer d'Empúries;41;-;N;;-;N;-;BS;1;5283;484298;4646501;2,81049067;41,97034465
BAR RESTAURANT;na;188;Carrer d'Empúries;47;-;N;49;-;N;-;-;-;5265;484300;4646740;2,81050843;41,97249729
BAR SENSE ELEMENTS DE COCCIÓ;CAFÈ CAFÈ;193;Plaça d'Espanya;4;-;N;;-;N;-;-;-;1094;484818;4647493;2,81674097;41,97928945
BAR CAFETERIA;CAFÈ PANS;193;Plaça d'Espanya;4;-;N;;-;N;-;-;-;1094;484818;4647493;2,81674097;41,97928945
BAR RESTAURANT-BOTIGA-ESTANC-TERRASSA EXTERIOR PRIVADA;LA PAUSA  - eureka! - Tabacos;193;Plaça d'Espanya;4;-;N;;-;N;-;-;-;1094;484818;4647493;2,81674097;41,97928945
BAR-RESTAURANT (CAT. 3);GEIEG;195;Carrer de l'Esport;16;-;N;;-;N;-;-;-;7472;485227;4649163;2,82163593;41,99433832
BAR-RESTAURANT (CAT. 1);NUAGE CAFÈ;196;Plaça de Salvador Espriu;12;-;N;;-;N;-;BS;-;1088;485342;4647660;2,82306188;41,98080348
BAR AMB FLECA;EL PANET;198;Plaça d'Europa;1;-;N;;-;N;-;BS;2;4632;484600;4647122;2,81411926;41,97594375
BAR RESTAURANT (CAT. 3) AMB KEBAB;KEBAB GIRONA;198;Plaça d'Europa;2;-;N;;-;N;-;BS;4;4632;484600;4647122;2,81411926;41,97594375
BAR RESTAURANT (CAT. 1);AGORA CAFÉ BAR;198;Plaça d'Europa;4;-;N;;-;N;-;BS;1;4631;484618;4647092;2,81433731;41,9756739
BAR-RESTAURANT (CAT. 1);EL PICOT;206;Carrer de Ferran Agulló i Vidal;6;-;N;;-;N;-;BS;2;1165;485029;4647674;2,81928329;41,98092369
BAR AMB MÚSICA DE FONS AMBIENTAL;DIAMOND;209;Ronda de Ferran Puig;9;-;N;;-;N;-;BS;1;3913;484962;4647863;2,81846969;41,98262467
BAR;CARLO;209;Ronda de Ferran Puig;23;-;N;;-;N;-;BS;1;4104;484895;4648009;2,81765716;41,98393836
ESCOLA DE GIMNÀSTICA ACROBÀTICA EN BARRA VERTICAL;POLE SEDUCTION;209;Ronda de Ferran Puig;27;-;N;;-;N;-;BS;-;4102;484883;4648030;2,81751176;41,98412727
BAR SENSE ELEMENTS DE COCCIÓ;CHARLOTTE;209;Ronda de Ferran Puig;30;-;N;;-;N;-;BS;2;3963;484924;4648088;2,81800521;41,98465044
PASTISSERIA AMB SERVEI DE BAR;PASTISSERIA NOGUERA;209;Ronda de Ferran Puig;31;-;N;;-;N;-;BS;-;4101;484872;4648060;2,8173782;41,98439726
BAR RESTAURANT (CAT.3);DÚPLEX;209;Ronda de Ferran Puig;39;-;N;;-;N;-;BS;2;4024;484815;4648154;2,81668768;41,98524279
BAR-RESTAURANT (CAT. 3) AMB MÚSICA DE FONS AMBIENTAL;LA MAFIA SE SIENTA A LA MESA;212;Carrer de Figuerola;24;-;N;;-;N;-;BS;-;3988;485068;4648189;2,81974098;41,98556286
BAR RESTAURANT (CAT.3) AMB MÚSICA DE FONS AMBIENTAL A 75 DB(A);ONE;212;Carrer de Figuerola;25;-;N;29;-;N;-;BS;1;12034;485052;4648146;2,81954892;41,98517527
BAR SENSE ELEMENTS DE COCCIÓ;LA PENÚLTIMA;212;Carrer de Figuerola;31;-;N;;-;N;-;BS;-;4001;485039;4648129;2,81939242;41,98502191
BAR-RESTAURANT (CAT. 3) AMB MÚSICA DE FONS AMBIENTAL;SAKURA;212;Carrer de Figuerola;34;-;N;;-;N;-;-;-;3993;485018;4648174;2,81913776;41,98542681
BAR-RESTAURANT (CAT. 3) AMB  MÚSICA DE FONS AMBIENTAL;LA DIVA;212;Carrer de Figuerola;35;-;N;;-;N;-;BS;-;4006;485016;4648130;2,81911474;41,98503048
BAR-RESTAURANT (CAT. 3);AVBEURE;212;Carrer de Figuerola;39;-;N;;-;N;-;BS;4;11042;484983;4648114;2,81871678;41,98488574
BAR RESTAURANT (CAT. 3);LA GIOIA;212;Carrer de Figuerola;41;-;N;;-;N;-;BS;-;3966;484971;4648108;2,81857207;41,98483147
CAFÈ TEATRE I BAR MUSICAL;LUX;212;Carrer de Figuerola;50;-;N;;-;N;-;BS;L1;3977;484924;4648141;2,81800385;41,98512779
PERRUQUERIA-BARBERIA;PONCE BARBER SHOP;212;Carrer de Figuerola;56;-;N;;-;N;-;BS;1;3980;484897;4648124;2,81767835;41,98497416
BAR-RESTAURANT (CAT. 1);CAN NANI;214;Carrer del Riu Fluvià;1;-;N;;-;N;-;BS;-;2557;484528;4646052;2,81327836;41,96630521
BAR;ICE CAFÈ;214;Carrer del Riu Fluvià;9;-;N;;-;N;-;BS;1;2478;484614;4646024;2,81431697;41,9660547
BAR RESTAURANT (CAT. 3) AMB TERRASSA PRIVADA;KÖNIG GIRONA NORD;215;Camí de la Font de l'Abat;23;-;N;;-;N;-;-;-;7320;484918;4649072;2,81790752;41,99351286
BAR;CUELLAR;217;Carrer de la Font;1;-;N;5;-;N;-;BS;-;8578;486992;4646514;2,84300446;41,97051081
BAR RESTAURANT (CAT. 3) AMB MÚSICA DE FONS AMBIENTAL;OM;225;Carrer de la Força;4;-;N;;-;N;-;BS;1;5928;485546;4648200;2,82551109;41,98567085
BAR RESTAURANT (CAT. 1);VIA AUGUSTA;225;Carrer de la Força;5;-;N;;-;N;-;BS;-;5954;485511;4648189;2,82508885;41,98557113
BAR RESTAURANT (CAT. 2);FEDERAL CAFÈ;225;Carrer de la Força;9;-;N;;-;N;-;BS;-;5991;485516;4648202;2,82514889;41,98568831
BAR RESTAURANT (CAT. 2) SENSE ELEMENTS DE COCCIÓ AMB MÚSICA DE FONS AMBIENTAL;EL PATI DEL RABÍ;225;Carrer de la Força;20;-;N;;-;N;-;BS;-;5942;485521;4648314;2,82520649;41,98669714
BOTIGA DE PA-PASTISSERIA I BAR;CASA MONER;226;Ronda del Fort Roig;15;-;N;20;-;N;-;BS;10;6487;486225;4649272;2,83368283;41,99533813
BAR RESTAURANT (CAT. 3) I ELABORACIÓ I VENDA DE PIZZES PER EMPORTAR;CORSARO MONTJUÏC;226;Ronda del Fort Roig;21;A;N;;-;N;-;-;-;6537;486231;4649199;2,83375698;41,99468075
BAR RESTAURANT;SUSHI ELF;227;Avinguda de França;36;-;N;;-;N;-;BS;-;7294;485072;4649155;2,81976472;41,99426335
BAR;KIM'S BURGER;227;Avinguda de França;42;-;N;44;-;N;-;BS;-;8394;485107;4649321;2,82018309;41,99575911
BAR-RESTAURANT;CANIGÓ;229;Carrer de Francesc de Ciurana i Hernández;4;-;N;;-;N;-;BS;1;1399;485018;4647289;2,81916032;41,97745592
BAR RESTAURANT (CAT. 1);SELFIE TAPAS-BAR;237;Carrer del Riu Freser;9;-;N;;-;N;-;BS;3;10821;484739;4646363;2,81581671;41,9691104
BAR RESTAURANT (CAT. 2);ALGO +;237;Carrer del Riu Freser;11;-;N;;-;N;-;BS;3;10821;484739;4646363;2,81581671;41,9691104
BAR RESTAURANT (CAT. 3);CAFETERIA GIRONA 2;237;Carrer del Riu Freser;82;-;N;;-;N;-;BS;2;3544;484453;4645719;2,81238204;41,96330451
BAR;BAR LA PLAÇA;252;Plaça dels Germans Sàbat;3;-;N;;-;N;-;BS;1;8002;483611;4649425;2,8021177;41,99666608
HOTEL AMB BAR I ELABORACIÓ I VENDA DE PRODUCTES DE XOCOLATA;HOTEL CASA CACAO;253;Carrer dels Ginesta;2;-;N;;-;N;-;-;-;1023;485310;4647766;2,82267296;41,98175759
BAR-RESTAURANT (CAT. 3);L'ALQUERIA;253;Carrer dels Ginesta;8;-;N;;-;N;-;BS;-;9103;485267;4647776;2,82215365;41,98184686
BAR SENSE ELEMENTS DE COCCIÓ AMB MÚSICA DE FONS AMBIENTAL;CUA DE GALL;253;Carrer dels Ginesta;9;-;N;;-;N;-;BS;-;1058;485285;4647753;2,8223715;41,98164004
RESTAURANT-BAR;CROACK'S GIRONA;260;Gran Via de Jaume I;1;-;N;;-;N;-;BS;1;3835;485283;4648187;2,8223365;41,98554889
BAR-RESTAURANT (CAT. 3);MARAN MARQUES & ANSESA;260;Gran Via de Jaume I;8;-;N;;-;N;-;BS;-;3885;485250;4648210;2,82193754;41,98575543
FLECA BAR;L'AZTAN;260;Gran Via de Jaume I;11;-;N;;-;N;-;BS;-;3764;485207;4648100;2,82142122;41,98476389
BAR RESTAURANT (CAT. 1);9 GARGOT;260;Gran Via de Jaume I;18;-;N;;-;N;-;BS;1;3889;485205;4648171;2,82139529;41,98540332
BAR-RESTAURANT (CAT. 2);ROOM 118;260;Gran Via de Jaume I;22;-;N;;-;N;-;BS;2;3890;485176;4648177;2,82104505;41,98545682
HOTEL AMB TERRASSA PRIVADA-BAR I MÚSICA DE FONS AMBIENTAL;HOTEL ULTÒNIA;260;Gran Via de Jaume I;22;-;N;;-;N;-;BS;1;3890;485176;4648177;2,82104505;41,98545682
BAR RESTAURANT;CAFETERIA DA VINCI GIRONA;260;Gran Via de Jaume I;30;-;N;;-;N;-;BS;-;4012;485100;4648081;2,82013002;41,98459074
BAR MUSICAL;WILLY'S;260;Gran Via de Jaume I;38;B;N;;-;N;-;BS;-;3949;485041;4647975;2,81942048;41,98363492
BAR RESTAURANT (CAT. 1) SENSE ELEMENTS DE COCCIÓ;GREEN SALAD BAR;260;Gran Via de Jaume I;40;-;N;;-;N;-;BS;2;3950;485041;4647967;2,81942069;41,98356287
BAR AMB SERVEIS DE PASTISSERIA;PDEPÀ COFFEE BAKERY;260;Gran Via de Jaume I;60;-;N;;-;N;-;BS;1;1147;485054;4647791;2,81958209;41,98197795
BAR;MC EWANS;260;Gran Via de Jaume I;60;-;N;;-;N;-;BS;4;1147;485054;4647791;2,81958209;41,98197795
BAR CAFETERIA;EL CAFÉ BLAU;260;Gran Via de Jaume I;82;-;N;;-;N;-;BS;2;1195;485207;4647575;2,82143443;41,9800354
BAR AMB MÚSICA DE FONS AMBIENTAL;THE CITY ARMS;262;Carrer del Riu Güell;1;-;N;;-;N;-;BS;-;3986;485093;4648211;2,82004222;41,98576148
BAR RESTAURANT (CAT. 3);BUNBLEBEE FRIED & BURGUERS;262;Carrer del Riu Güell;17;-;N;18;-;N;-;BS;2;4098;484837;4648061;2,81695566;41,98440559
BAR;BOCOMTU;262;Carrer del Riu Güell;39;-;N;41;-;N;-;BS;1;4231;484709;4647831;2,81541647;41,98233159
BAR RESTAURANT (CAT.2);BM2 PIZZA I KEBAB;262;Carrer del Riu Güell;47;-;N;;-;N;-;BS;1;8926;484596;4647790;2,81405348;41,98196012
BAR RESTAURANT (CAT. 1);LA FAMILIA;262;Carrer del Riu Güell;47;-;N;;-;N;-;BS;2;8926;484596;4647790;2,81405348;41,98196012
BAR;KROXAN;262;Carrer del Riu Güell;50;-;N;;-;N;-;BS;3;4178;484771;4648057;2,81615903;41,98436829
BAR SENSE ELEMENTS DE COCCIÓ AMB MÚSICA DE FONS AMBIENTAL;CASA BAR GIRONA;262;Carrer del Riu Güell;52;-;N;;-;N;-;BS;1;4178;484771;4648057;2,81615903;41,98436829
BAR-RESTAURANT (CAT. 3);CAN MANOLO;262;Carrer del Riu Güell;56;-;N;58;-;N;-;BS;2;9357;484649;4647940;2,81468934;41,98331215
BAR;LLOC DE TROBADA;262;Carrer del Riu Güell;91;-;N;;-;N;-;BS;-;4339;484424;4647535;2,81198398;41,97966004
BAR RESTAURANT (CAT. 3);LA GAVINA;262;Carrer del Riu Güell;101;-;N;;-;N;-;BS;2;5583;484385;4647454;2,81151537;41,97892973
BAR RESTAURANT (CAT.1);EL DORADO;262;Carrer del Riu Güell;101;-;N;;-;N;-;BS;1;5583;484385;4647454;2,81151537;41,97892973
BAR-RESTAURANT (CAT. 3);DIWANE CHICHA;262;Carrer del Riu Güell;105;-;N;;-;N;-;BS;1;5587;484374;4647443;2,81138289;41,97883044
PERRUQUERIA BARBERIA;INFINITY BARBERSHOP;262;Carrer del Riu Güell;113;-;N;;-;N;-;BS;2;5613;484337;4647354;2,81093864;41,97802811
BAR RESTAURANT (CAT.3);MARZEN SPORT BAR;262;Carrer del Riu Güell;128;-;N;130;-;N;-;BS;1;11368;484264;4647314;2,81005857;41,97766639
BAR SENSE ELEMENTS DE COCCIÓ;MARZEN (POOL BAR);262;Carrer del Riu Güell;128;-;N;130;-;N;-;BS;2;11368;484264;4647314;2,81005857;41,97766639
BAR;TONI;262;Carrer del Riu Güell;166;-;N;;-;N;-;BS;-;4859;484115;4646868;2,80827212;41,97364643
BAR RESTAURANT (CAT. 1) AMB MÚSICA DE FONS AMBIENTAL;BAR GÜELL;262;Carrer del Riu Güell;184;-;N;;-;N;-;BS;1;5343;484101;4646723;2,80810707;41,97234018
BAR-RESTAURANT (CAT. 1);L'ALIANÇA;268;Carrer de les Heroïnes de Santa Bàrbara;3;-;N;;-;N;-;BS;-;433;485518;4647189;2,82519799;41,9765646
BAR SENSE ELEMENTS DE COCCIÓ I VENDA DE PRODUCTES GOURMET;LA RESERVA;272;Carrer de les Hortes;3;-;N;;-;N;-;BS;-;3752;485351;4648073;2,82316023;41,9845234
BAR RESTAURANT (CAT.2) AMB MÚSICA DE FONS AMBIENTAL;NEPTÚ;272;Carrer de les Hortes;7;-;N;;-;N;-;BS;5;3750;485323;4648061;2,82282252;41,9844148
BAR RESTAURANT (CAT. 1);8 DE 7;272;Carrer de les Hortes;10;-;N;;-;N;-;BS;3;3787;485349;4648096;2,82313551;41,98473051
BAR RESTAURANT (CAT. 2);LA PEÑA;281;Carrer de l'Illa de La Gomera;1;-;N;;-;N;-;BS;-;7132;485390;4650921;2,82356019;42,010175
BAR;PUENTE MAYOR;281;Carrer de l'Illa de La Gomera;7;-;N;;-;N;-;BS;-;7133;485396;4650948;2,82363197;42,01041829
BAR RESTAURANT CATEGORIA 1;MEDES;286;Carrer de les Illes Medes;15;-;N;;-;N;-;BS;-;6893;485301;4650451;2,82249714;42,00594024
BAR AMB MÚSICA DE FONS AMBIENTAL;CAFE ROYAL;289;Plaça de la Independència;1;-;N;;-;N;-;BS;-;3837;485363;4648174;2,82330257;41,98543329
BAR RESTAURANT (CAT. 3);NIBBLE;289;Plaça de la Independència;2;-;N;;-;N;-;BS;1;3857;485351;4648182;2,82315751;41,98550512
BAR RESTAURANT (CAT. 3);KÖNIG;289;Plaça de la Independència;2;-;N;;-;N;-;BS;2;3857;485351;4648182;2,82315751;41,98550512
BAR-RESTAURANT (CAT. 3);FRANKFURTS LEO BOECK;289;Plaça de la Independència;4;-;N;;-;N;-;BS;-;3855;485345;4648198;2,82308468;41,98564912
BAR RESTAURANT;CASA MARIETA;289;Plaça de la Independència;5;-;N;6;-;N;-;BS;-;3854;485346;4648206;2,82309655;41,98572119
BAR RESTAURANT (CAT. 3);LAPSUS;289;Plaça de la Independència;10;-;N;;-;N;-;BS;1;3859;485355;4648276;2,82320346;41,98635182
BAR SENSE ELEMENTS DE COCCIÓ AMB MÚSICA DE FONS AMBIENTAL;CAFÈ IMPERIAL;289;Plaça de la Independència;10;-;N;;-;N;-;BS;3;3859;485355;4648276;2,82320346;41,98635182
BAR;CU-CUT;289;Plaça de la Independència;10;-;N;;-;N;-;BS;4;3859;485355;4648276;2,82320346;41,98635182
BAR-RESTAURANT (CAT. 3) AMB MÚSICA DE FONS AMBIENTAL;CATALANO TAVERNA;289;Plaça de la Independència;11;-;N;;-;N;-;BS;1;3858;485375;4648295;2,82344443;41,98652332
BAR-RESTAURANT (CAT. 3);DOLCE VITA;289;Plaça de la Independència;11;-;N;;-;N;-;BS;2;3858;485375;4648295;2,82344443;41,98652332
BAR-RESTAURANT (CAT. 3);LA RIBA;289;Plaça de la Independència;12;-;N;;-;N;-;BS;2;11152;485412;4648246;2,82389231;41,98608268
BAR RESTAURANT (CAT. 3);PDEPÀ COFFEE BAKERY;289;Plaça de la Independència;13;-;N;;-;N;-;BS;-;3784;485415;4648229;2,82392895;41,98592962
BAR RESTAURANT (CAT. 2);MÜNICH;289;Plaça de la Independència;14;-;N;;-;N;-;BS;1;3783;485418;4648215;2,82396551;41,98580359
BAR RESTAURANT (CAT. 3);XIBARRI;289;Plaça de la Independència;14;-;N;;-;N;-;BS;2;3783;485418;4648215;2,82396551;41,98580359
BAR RESTAURANT (CAT. 3) I VENDA DE PLATS PER EMPORTAR;EL RACÓ;289;Plaça de la Independència;16;-;N;;-;N;-;BS;-;3781;485421;4648193;2,82400227;41,9856055
BAR RESTAURANT;BOIRA;289;Plaça de la Independència;17;-;N;;-;N;-;BS;1;3780;485404;4648169;2,82379765;41,98538902
BAR AMB MÚSICA DE FONS AMBIENTAL;LA BOHEME;293;Plaça de Jaume Vicens i Vives;6;-;N;;-;N;-;BS;1;3865;485333;4648386;2,82293513;41,98734214
BAR;L'ALTELL;296;Carrer de Joan Maragall;3;-;N;;-;N;-;BS;2;1084;485311;4647666;2,82268753;41,98085695
BAR;CAFETERIA MARAGALL;296;Carrer de Joan Maragall;5;-;N;;-;N;-;BS;1;1083;485302;4647650;2,82257929;41,98071267
BAR-RESTAURANT (CAT. 3);BESCUIT;296;Carrer de Joan Maragall;13;-;N;;-;N;-;BS;1;1079;485284;4647601;2,82236324;41,98027101
BAR - RESTAURANT (CAT. 1) AMB SERVEI DE FLECA;LA MANON;296;Carrer de Joan Maragall;22;-;N;;-;N;-;BS;1;1220;485154;4647487;2,82079689;41,97924181
BAR RESTAURANT (CAT. 3);CHOJIRO SUSHI BAR;296;Carrer de Joan Maragall;53;-;N;55;-;N;-;BS;2;2689;485056;4647173;2,81962194;41,97641187
BAR-RESTAURANT;MAS XIRGU;300;Carrer de Joan Torró i Cabratosa;20;A;N;;-;N;-;BS;1;11681;483891;4645400;2,80560871;41,9604201
CENTRE DE REPARACIÓ I LLOGUER DE BICICLETES AMB BAR SENSE ELEMENTS DE COCCIÓ;CENTRE BIKER GIRONA;302;Carrer de Joaquim Botet i Sisó;12;-;N;;-;N;-;BS;1;1937;485527;4646733;2,82531784;41,97245773
BAR CAFETERIA SENSE ELEMENTS DE COCCIÓ;MANDARINA GARDEN;304;Carrer de Joaquim Vayreda;47;-;N;;-;N;-;BS;1;4189;484630;4648054;2,814457;41,98433854
TRES SALES DE CINEMA AMB SERVEI DE BAR;CINEMES ALBENIZ PLAÇA;306;Plaça de Jordi de Sant Jordi;3;-;N;;-;N;-;BS;-;3819;485253;4648102;2,82197647;41,98478276
BAR;CAFETERIA EUROPA;309;Carrer de Josep Maria Gironella i Pous;1;-;N;3;-;N;A;BS;1;9055;484627;4647063;2,8144467;41,97541288
BAR;BD GUST;310;Carrer de Josep Morató i Grau;2;-;N;;-;N;-;BS;-;424;485533;4647285;2,82537668;41,97742952
BAR;MARESME;311;Carrer de Josep Maria Prat i Roca;8;-;N;;-;N;-;BS;A;7555;483770;4649256;2,80404214;41,99514726
BAR;BAR PUENTE;311;Carrer de Josep Maria Prat i Roca;31;-;N;;-;N;-;BS;-;7645;483680;4649341;2,80295314;41,99591096
BAR RESTAURANT (CAT. 3);UMAI;313;Plaça de Josep Pla;18;-;N;;-;N;-;BS;-;3707;485287;4647912;2,82239167;41,98307214
BAR-RESTAURANT (CAT. 3);MIEN;313;Plaça de Josep Pla;21;-;N;;-;N;-;BS;-;3707;485287;4647912;2,82239167;41,98307214
BAR SENSE ELEMENTS DE COCCIÓ AMB VENDA DE PA;FRANKY CAFÈ GIRONA;314;Avinguda de Josep Tarradellas i Joan;1;-;N;;-;N;-;BS;3;4699;484298;4647488;2,81046432;41,97923423
BAR SENSE ELEMENTS DE COCCIÓ;FARRAN 35;314;Avinguda de Josep Tarradellas i Joan;1;-;N;;-;N;-;BS;2;4699;484298;4647488;2,81046432;41,97923423
BAR RESTAURANT (CAT. 3) AMB MÚSICA DE FONS AMBIENTAL;KICK OFF LUXURY;314;Avinguda de Josep Tarradellas i Joan;16;-;N;;-;N;-;BS;2;12184;484362;4647969;2,81122405;41,9835677
BAR RESTAURANT (CAT. 2);ANGELUS;317;Carrer de Juli Garreta;27;-;N;;-;N;-;BS;-;1358;485003;4647345;2,81897783;41,97796001
BAR;NOU;322;Avinguda de l'Amical Mauthausen;133;-;N;;-;N;-;BS;4;7467;484525;4648960;2,81316561;41,99249649
BAR SENSE ELEMENTS DE COCCIÓ;LA FÀBRICA;327;Carrer de la Llebre;3;-;N;;-;N;-;SM;-;5854;485597;4648003;2,82613159;41,98389747
BAR RESTAURANT (CAT.1);DURAN;330;Rambla de la Llibertat;10;-;N;;-;N;-;BS;-;5709;485437;4647900;2,82420268;41,98296684
BAR;BAR LA RAMBLA ONZE;330;Rambla de la Llibertat;11;-;N;;-;N;-;BS;-;5768;485410;4647989;2,82387455;41,98376794
BAR SENSE ELEMENTS DE COCCIÓ;DOLCE SALATO;330;Rambla de la Llibertat;14;-;N;;-;N;-;BS;-;5711;485426;4647917;2,82406948;41,98311975
BAR RESTAURANT (CAT. 1);BAR CATALUNYA KTS;330;Rambla de la Llibertat;19;-;N;;-;N;-;BS;-;5772;485418;4648017;2,82397042;41,98402027
BAR RESTAURANT (CAT. 1);COFFEE&GREENS;330;Rambla de la Llibertat;25;-;N;;-;N;-;BS;-;5775;485425;4648035;2,82405448;41,98418252
BAR RESTAURANT (CAT. 1);R27;330;Rambla de la Llibertat;27;-;N;;-;N;-;BS;-;5776;485428;4648040;2,82409057;41,98422761
BAR RESTAURANT (CAT. 1) SENSE ELEMENTS DE COCCIÓ I AMB SERVEI DE CÀTERING;LA TASCA;330;Rambla de la Llibertat;34;-;N;;-;N;-;BS;1;5748;485451;4648006;2,82436906;41,98392181
BAR-RESTAURANT (CAT. 3);MCKIERNANS;330;Rambla de la Llibertat;34;-;N;;-;N;-;BS;2;5748;485451;4648006;2,82436906;41,98392181
BAR AMB MÚSICA DE FONS AMBIENTAL;HYGGE CAFÈ;330;Rambla de la Llibertat;42;-;N;;-;N;-;BS;1;5760;485463;4648039;2,8245131;41,98421925
BAR;OXFORD;331;Carrer del Riu Llierca;6;-;N;;-;N;-;BS;1;1663;484890;4646427;2,81763746;41,96968973
BAR SENSE ELEMENTS DE COCCIÓ;GRANJA MERY;331;Carrer del Riu Llierca;6;-;N;;-;N;-;BS;2;1663;484890;4646427;2,81763746;41,96968973
BAR;CAFETERIA LLIMONER'S;332;Plaça del Llimoner;6;-;N;;-;N;-;-;-;8580;486978;4646984;2,84282509;41,97474371
BAR RESTAURANT (CAT. 3);PADDOCK;334;Avinguda de Lluís Pericot;19;-;N;;-;N;-;BS;1;1939;485495;4646732;2,82493164;41,97244813
BAR RESTAURANT (CAT. 1);CAFÈ DEL PLA;334;Avinguda de Lluís Pericot;26;-;N;28;-;N;-;BS;1;9654;485399;4646489;2,82377901;41,97025774
OBRADOR I VENDA DE PA I PASTISSERIA AMB BAR;CA LA IAIA;334;Avinguda de Lluís Pericot;32;-;N;;-;N;-;BS;-;2225;485395;4646443;2,82373187;41,96984336
BAR RESTAURANT (CAT. 3);TAT;334;Avinguda de Lluís Pericot;56;-;N;;-;N;-;BS;-;2285;485366;4646258;2,82338648;41,96817659
BAR;TIRAMISÚ;334;Avinguda de Lluís Pericot;68;-;N;70;-;N;-;BS;L3;8754;485316;4646160;2,82278549;41,967293
BAR;EL PETIT CAFÈ;338;Carrer de la Mare de Déu de la Salut;37;A;N;;-;N;-;BS;2;4756;484146;4647231;2,80863649;41,97691647
SELF-SERVICE ROSTISSERIA AMB SERVEI BAR;STOP SELF;339;Carrer de la Mare de Déu de Loreto;27;-;N;;-;N;-;BS;-;1906;485392;4646661;2,82369025;41,97180676
BAR-RESTAURANT (CAT. 1);EL REMEI;346;Carrer de la Mare de Déu del Remei;36;-;N;;-;N;-;BS;2;11793;484366;4647374;2,81128816;41,97820882
BAR MUSICAL;FRACTAL;350;Carrer de Josep Maluquer i Salvador;5;-;N;;-;N;-;BS;-;2708;485101;4647251;2,82016313;41,97711524
BAR SENSE ELEMENTS DE COCCIÓ;ESTELLA;350;Carrer de Josep Maluquer i Salvador;22;-;S;;-;N;-;BS;1;1450;485233;4647182;2,82175814;41,97649627
FLECA I BAR SENSE ELEMENTS DE COCCIÓ;ESSENZE COFFEE;354;Carrer de Manel Quer;6;-;N;8;-;N;-;BS;4;2663;484881;4647105;2,8175114;41,97579608
BAR;BAR PANDA;358;Carrer del Marquès de Caldes de Montbui;14;-;N;;-;N;-;-;-;2514;484683;4646441;2,81513882;41,96981183
BAR - RESTAURANT (CAT. 1);PANDA;358;Carrer del Marquès de Caldes de Montbui;15;-;N;;-;N;-;-;-;2490;484709;4646456;2,81545222;41,96994744
BAR RESTAURANT (CAT.1);BAR CAFETERIA @L TEU GUST;358;Carrer del Marquès de Caldes de Montbui;35;-;N;;-;N;-;BS;2;2389;484794;4646424;2,81647891;41,96966087
BAR RESTAURANT (CAT. 3);CRYSTAL;358;Carrer del Marquès de Caldes de Montbui;50;-;N;;-;N;-;BS;-;2360;484848;4646370;2,81713203;41,96917555
BAR;CA LA MARTINA;358;Carrer del Marquès de Caldes de Montbui;70;-;N;72;-;N;-;BS;2;10250;484964;4646260;2,81853483;41,96818703
BAR;CAFETERIA ELS QUÍMICS;358;Carrer del Marquès de Caldes de Montbui;90;-;N;92;-;N;-;BS;2;10252;485157;4646223;2,82086501;41,96785744
BAR;CAMBRIDGE;358;Carrer del Marquès de Caldes de Montbui;97;-;N;99;-;N;-;BS;1;2212;485147;4646310;2,82074213;41,96864084
BAR RESTAURANT (CAT. 2 AMB FLECA;CASA NOSTRA CAFETERIA;359;Plaça del Marquès de Camps;5;-;N;;-;N;-;BS;1;3938;485008;4647869;2,81902482;41,98267959
BAR RESTAURANT (CAT.3);CLASSIC GIRONA;359;Plaça del Marquès de Camps;8;-;N;;-;N;-;BS;-;1108;484984;4647789;2,81873715;41,9819586
hotel amb bar restaurant (cat. 3);na;359;Plaça del Marquès de Camps;13;-;N;;-;N;-;-;-;1144;485032;4647753;2,81931749;41,98163527
BAR RESTAURANT (CAT. 2);SARATOGA;359;Plaça del Marquès de Camps;14;-;N;;-;N;-;BS;1;1145;485032;4647769;2,81931708;41,98177938
BAR AMB VENDA DE PA;GRANIER;359;Plaça del Marquès de Camps;17;-;N;;-;N;-;BS;2;1148;485049;4647813;2,81952118;41,982176
BAR RESTAURANT (CAT. 1);O RINCON GALEGO;375;Carrer de la Maçana;47;-;N;;-;N;-;BS;2;5205;483800;4647128;2,80446301;41,97598175
BAR;LA SULTANA;375;Carrer de la Maçana;61;-;N;;-;N;-;BS;-;5251;483722;4647099;2,80352234;41,97571895
BAR SENSE ELEMENTS DE COCCIÓ;CAFÉ BAR OLE TÚ!;375;Carrer de la Maçana;76;-;N;;-;N;-;BS;1;5418;483619;4647096;2,80227921;41,9756898
BAR RESTAURANT (CAT. 2) SENSE ELEMENTS DE COCCIÓ AMB MÚSICA DE FONS AMBIENTAL;LA TAVERNA DEL FOMENT;379;Carrer dels Mercaders;6;-;N;;-;N;-;BS;1;5739;485475;4647972;2,82465962;41,98361602
BAR RESTAURANT (CAT.1);LA TAVERNA DEL FOMENT;379;Carrer dels Mercaders;13;-;N;;-;N;-;BS;-;5754;485478;4648022;2,8246946;41,98406641
BAR-RESTAURANT (CAT. 1);LA PEDRA;379;Carrer dels Mercaders;18;-;N;;-;N;-;BS;-;5730;485500;4648016;2,82496032;41,98401278
BAR-RESTAURANT (CAT. 3);ELS JARDINS DE LA MERCÈ;380;Pujada de la Mercè;10;-;N;;-;N;-;BS;-;108;485501;4647740;2,8249792;41,98152696
BAR RESTAURANT (CAT. 3);PA  AMB TOMATA;383;Carrer de Mestre Francesc Civil;3;-;N;;-;N;-;BS;1;4247;484651;4647696;2,81471986;41,98111457
BAR RESTAURANT (CAT. 2) AMB VENDA DE PA;PLIS PLAS;386;Carrer del Migdia;6;-;N;;-;N;-;BS;4;1326;485178;4647323;2,82109073;41,97776517
BAR-RESTAURANT (CAT. 3);KÖNIG;386;Carrer del Migdia;7;-;N;;-;N;-;BS;-;11240;485189;4647248;2,82122539;41,97708988
BAR I VENDA DE PA;CASA MONER;386;Carrer del Migdia;13;-;N;;-;N;-;BS;-;1418;485165;4647192;2,82093712;41,97658506
BAR;EL PATI DE GIRONA;386;Carrer del Migdia;15;-;N;;-;N;-;-;-;1427;485162;4647184;2,82090111;41,97651295
BAR RESTAURANT (CAT. 2);OCTOPUS RESTAURANT;386;Carrer del Migdia;24;-;N;;-;N;-;BS;1;2697;485133;4647191;2,82055089;41,97657545
BAR SENSE ELEMENTS DE COCCIÓ AMB FORN DE PA;BESIBERRI;386;Carrer del Migdia;28;-;N;;-;N;-;BS;1;2699;485117;4647162;2,8203585;41,97631395
BAR - RESTAURANT (CAT. 3);MULTANI PALACE;386;Carrer del Migdia;36;-;N;;-;N;-;BS;2;2622;485111;4647057;2,82028874;41,97536814
PASTISSERIA AMB OBRADOR I SERVEI DE BAR;CAN TORNÉS;386;Carrer del Migdia;51;-;N;;-;N;-;BS;-;8940;485157;4646874;2,82084858;41,97372079
BAR-RESTAURANT (CAT. 2);AMICI COFFEE & TAPES;386;Carrer del Migdia;77;-;N;;-;N;-;BS;3;1859;485113;4646736;2,82032101;41,97247704
BAR;CA LA IAIA;386;Carrer del Migdia;87;-;N;;-;N;-;BS;1;1858;485107;4646709;2,82024927;41,97223374
BAR-RESTAURANT (CAT. 2);ORANGE;386;Carrer del Migdia;137;-;N;;-;N;-;BS;1;10250;484964;4646260;2,81853483;41,96818703
BAR;JOSÉ Y JUAN;388;Carrer de la Mimosa;12;-;N;;-;N;-;BS;1;643;487056;4647002;2,84376615;41,97490712
BAR-RESTAURANT (CAT. 3);ARTUSÍ;389;Carrer de Guillem Minali;3;-;N;;-;N;-;BS;-;5735;485498;4648038;2,82493564;41,98421089
CAFÈ CONCERT I ACTIVITAT COMPLEMENTÀRIA DE BAR;BLOW;391;Carrer de Miquel Blay;1;-;N;;-;N;-;BS;-;4012;485100;4648081;2,82013002;41,98459074
BAR RESTAURANT (CAT. 1);CAN VIDAL;392;Plaça de Miquel de Palol;3;-;N;;-;N;-;BS;2;4231;484709;4647831;2,81541647;41,98233159
BAR AMB VENDA DE PA;UN SOL MÓN;392;Plaça de Miquel de Palol;5;-;N;;-;N;-;BS;A;8926;484596;4647790;2,81405348;41,98196012
FLECA PASTISSERIA AMB SERVEI DE BAR SENSE ELEMENTS DE COCCIÓ;PASTISSERIA ARMENGOL;392;Plaça de Miquel de Palol;6;-;N;;-;N;-;BS;1;8925;484612;4647771;2,81424712;41,9817893
BAR RESTAURANT (CAT. 2);LA TIROLINA;392;Plaça de Miquel de Palol;6;-;N;;-;N;-;BS;2;8925;484612;4647771;2,81424712;41,9817893
BAR-RESTAURANT (CAT. 1);XM;401;Carrer del Montfalgars;9;-;N;;-;N;-;BS;2;5693;483654;4646834;2,80270895;41,97333078
BAR-RESTAURANT (CAT. 3);SUCA MULLA;402;Avinguda de Montilivi;5;-;N;;-;N;-;BS;1;1978;485509;4646669;2,82510217;41,97188097
BAR SENSE ELEMENTS DE COCCIÓ AMB TERRASSA PRIVADA;A 1/2 KMÍ;402;Avinguda de Montilivi;35;-;N;;-;N;-;BS;3;10983;485593;4646371;2,82612329;41,96919852
BAR;EL PEDREGUET;408;Carrer del Montnegre;13;-;N;15;-;N;-;BS;1;5120;483923;4647115;2,80594799;41,97586718
BAR;MONTNEGRE;408;Carrer del Montnegre;25;-;N;;-;N;-;BS;2;5146;483936;4647057;2,80610649;41,97534506
BAR-RESTAURANT (CAT. 1);DOUBLE STAR;408;Carrer del Montnegre;27;-;S;;-;N;-;BS;-;5644;483934;4646961;2,80608497;41,97448038
BAR RESTAURANT;EL POU;408;Carrer del Montnegre;51;-;N;;-;N;-;-;-;11214;483650;4646498;2,80267001;41,97030446
BAR SENSE ELEMENTS DE COCCIÓ;ALCALÁ;411;Carrer del Montseny;6;-;N;;-;N;-;BS;1;4818;484077;4647204;2,80780437;41,9766719
BAR;TRASGOS;411;Carrer del Montseny;12;-;N;;-;N;-;BS;2;4819;484045;4647201;2,80741821;41,97664423
BAR RESTAURANT (CAT. 2);LA NAPOLETANA;419;Carrer de Narcís Blanch i Illa;32;C;N;;-;N;-;-;-;1666;484929;4646411;2,81810855;41,96954637
BAR RESTAURANT (CAT. 2);ESTRO;426;Carrer del Nord;12;-;N;;-;N;-;BS;-;3792;485320;4648139;2,82278436;41,98511726
BAR RESTAURANT (CAT. 2);CEBATENDRA;426;Carrer del Nord;22;-;N;;-;N;-;BS;4;3850;485311;4648203;2,82267411;41,98569352
BAR - RESTAURANT (CAT. 1);MIMI;427;Carrer Nou;7;-;N;;-;N;-;BS;1;3670;485273;4647854;2,82222412;41,98254949
FLECA AMB SERVEI DE BAR;FLECA SANT DANIEL / MAMMA CAFÈ;427;Carrer Nou;16;-;N;;-;N;-;BS;1;3683;485155;4647877;2,82079912;41,98275443
BAR AMB VENDA DE PA;PLIS PLAS NOU;427;Carrer Nou;24;-;N;;-;N;-;BS;2;3687;485097;4647899;2,82009842;41,98295148
BAR RESTAURANT (CAT. 3) AMB MÚSICA DE FONS AMBIENTAL;EL CERCLE;428;Carrer Nou del Teatre;1;-;N;;-;N;-;BS;1;27;485482;4647875;2,82474652;41,98274251
BAR RESTAURANT (CAT. 2);BUTTERCUP;428;Carrer Nou del Teatre;2;-;N;;-;N;-;BS;-;72;485484;4647858;2,82477108;41,98258943
BAR SENSE ELEMENTS DE COCCIÓ;LOS PADULES;428;Carrer Nou del Teatre;10;-;N;;-;N;-;BS;3;68;485514;4647845;2,82513354;41,9824729
BAR SENSE ELEMENTS DE COCCIÓ I VENDA AL DETALL DE CAFÈ;1900;429;Carrer de l'Obra;2;-;N;4;-;N;-;BS;1;3759;485317;4648008;2,82275141;41,98393733
BAR-RESTAURANT (CAT. 1);LA SIMFONIA;430;Plaça de l'Oli;6;-;N;;-;N;-;BS;-;12196;485580;4648081;2,82592446;41,98459968
BAR;L'OLIVERA;432;Carrer de l'Olivera;19;-;N;;-;N;-;BS;1;425;485574;4647135;2,82587524;41,97607927
BAR SENSE ELEMENTS DE COCCIÓ;CAFETERIA CODIGO;434;Passeig d'Olot;20;-;N;;-;N;-;BS;3;5631;484315;4647222;2,81067661;41,97683879
BAR;PICASSO;434;Passeig d'Olot;22;-;N;;-;N;-;BS;3;5632;484294;4647219;2,81042322;41,97681136
BAR RESTAURANT (CAT. 3);PONT DEL DIMONI;434;Passeig d'Olot;26;-;N;;-;N;-;BS;2;4759;484155;4647194;2,80874612;41,97658341
BAR - RESTAURANT (CAT.1);CA L'ANGELINA;434;Passeig d'Olot;40;-;N;;-;N;-;BS;2;10774;484039;4647140;2,80734744;41,97609471
FLECA AMB BAR;GIROPA;434;Passeig d'Olot;91;-;N;;-;N;-;BS;-;5662;483774;4646967;2,80415363;41,97453114
BAR AMB FLECA;LA TAHONA;434;Passeig d'Olot;95;-;N;;-;N;-;BS;-;11446;483755;4646951;2,80392474;41,97438665
BAR RESTAURANT;CISNE;437;Carrer d'Orient;4;-;N;;-;N;-;BS;12;11444;484054;4647254;2,8075254;41,97712177
BAR SENSE ELEMENTS DE COCCIÓ;BAR SAJOMA;437;Carrer d'Orient;33;-;N;;-;N;-;BS;1;4852;484135;4647003;2,80850987;41,97486273
BAR-RESTAURANT (CAT. 1);ZOILO;437;Carrer d'Orient;65;-;N;;-;N;-;BS;4;5336;484013;4646748;2,80704428;41,97256357
FLECA AMB SERVEI DE BAR;SANT PAU;437;Carrer d'Orient;69;-;N;;-;N;-;BS;1;5352;483994;4646699;2,80681629;41,97212186
BAR RESTAURANT (CAT. 1);EL MOLI;438;Carrer d'Oviedo;12;-;N;;-;N;-;BS;L1;4677;484577;4646919;2,81384698;41,97411495
BOTIGA DE BICICLETES I BAR;CENTRE BIKER GIRONA;439;Plaça dels Països Catalans;1;-;N;;-;N;-;BS;-;10113;485479;4646865;2,82473525;41,97364573
BAR;BONES ESTONES;445;Carrer de Pamplona;3;-;N;;-;N;-;BS;1;5282;484345;4646494;2,8110581;41,97028254
BAR;DERMA;446;Carrer del Pare Coll;4;-;N;;-;N;-;BS;2;5497;484524;4647265;2,81319817;41,97723021
BAR;BRESTON;446;Carrer del Pare Coll;5;-;N;;-;N;-;BS;1;5607;484461;4647312;2,8124365;41,97765229
BAR SENSE ELEMENTS DE COCCIÓ I LLIBRERIA;GIROZUELA;446;Carrer del Pare Coll;6;-;N;;-;N;-;BS;3;5504;484498;4647320;2,81288289;41,97772507
BAR RESTAURANT (CAT. 1);GRANJA ALICIA;446;Carrer del Pare Coll;13;-;N;;-;N;-;BS;2;5592;484435;4647376;2,81212097;41,9782282
PASTISSERIA AMB SERVEI DE BAR SENSE ELEMENTS DE COCCIÓ;NOGUERA;446;Carrer del Pare Coll;24;-;N;;-;N;-;BS;1;5510;484451;4647413;2,81231312;41,97856176
BAR;L'EMBOLIC;449;Carrer de Pau Casals;2;-;N;;-;N;-;BS;1;4179;484711;4648030;2,81543543;41,98412395
BAR-RESTAURANT (CAT. 3);LA REGOLTA;449;Carrer de Pau Casals;4;-;N;;-;N;-;BS;1;4179;484711;4648030;2,81543543;41,98412395
BAR RESTAURANT (CAT. 3);SA CABANETA;449;Carrer de Pau Casals;22;-;N;;-;N;-;BS;-;4072;484572;4647948;2,81375963;41,9833827
PERRUQUERIA-BARBERIA;RUT'S BARBER SHOP;449;Carrer de Pau Casals;24;-;N;;-;N;-;BS;1;4193;484502;4647911;2,81291559;41,98304808
BAR RESTAURANT (CAT. 1);EL RACONET DE GIRONA;449;Carrer de Pau Casals;24;-;N;;-;N;-;BS;2;4193;484502;4647911;2,81291559;41,98304808
BAR RESTAURANT (CAT. 3);RESTAURANT CAFÈ PAU CASALS;449;Carrer de Pau Casals;34;-;N;;-;N;-;BS;-;4195;484409;4647861;2,81179427;41,98259591
BAR RESTAURANT (CAT. 2);PEDRAFORCA;451;Carrer del Pedraforca;3;-;N;;-;N;-;BS;2;5682;483587;4646895;2,80189858;41,97387879
BAR RESTAURANT (CAT. 1);RUSTIK RESTAURANT;454;Carrer de Pedret;28;-;N;;-;N;-;BS;-;6671;485602;4648886;2,82617032;41,99185043
BAR RESTAURANT (CAT. 1);RUTA 66;454;Carrer de Pedret;54;-;N;;-;N;-;-;-;6684;485620;4648977;2,82638541;41,99267036
BAR;LA COVA;454;Carrer de Pedret;88;-;N;;-;N;-;-;-;6701;485613;4649090;2,82629813;41,99368798
BAR-RESTAURANT;MAI TAI - LA LLESCA;454;Carrer de Pedret;90;-;N;;-;N;-;BS;2;6702;485609;4649096;2,82624968;41,99374195
BAR MUSICAL;SIDDHARTA;454;Carrer de Pedret;116;-;N;;-;N;-;BS;-;6715;485593;4649184;2,82605435;41,99453424
ELAB. I VDA PLATS CUINATS,RESTAURANT-BAR;ROSTISSERIA TERRAMAR;459;Carrer de Pere Compte;23;-;N;;-;N;-;BS;1;5619;484320;4647270;2,81073569;41,97727121
BAR RESTAURANT (CAT. 3);HORS CATEGORIE;463;Carrer del Perill;3;-;N;;-;N;-;BS;3;3708;485299;4647950;2,82253557;41,98341461
BAR RESTAURANT (CAT. 1);CAN LAUREN;472;Plaça del Poeta Marquina;1;-;S;;-;N;-;BS;2;1096;484974;4647697;2,81861879;41,9811298
BAR RESTAURANT (CAT. 2);RACÓ DEL PERNIL;472;Plaça del Poeta Marquina;5;-;N;;-;N;-;BS;1;1100;484923;4647715;2,81800271;41,98129094
BAR RESTAURANT (CAT. 1);B&C FAST FOOD;472;Plaça del Poeta Marquina;9;-;N;;-;N;-;BS;2;1119;484886;4647599;2,81755906;41,98024546
BAR-RESTAURANT (CAT. 3);CA L'IVÁN;474;Plaça de Pompeu Fabra;9;-;N;;-;N;-;BS;1;1050;485241;4647737;2,82184077;41,98149511
BAR RESTAURANT (CAT. 3);EL REBOST;474;Plaça de Pompeu Fabra;9;-;N;;-;N;-;BS;2;1050;485241;4647737;2,82184077;41,98149511
BAR RESTAURANT (CAT. 3);EL NOU GARBI;474;Plaça de Pompeu Fabra;13;-;N;;-;N;-;BS;3;1047;485309;4647723;2,82266196;41,98137029
BAR MUSICAL - CAFÈ CONCERT;SUNSET JAZZ CLUB;475;Carrer de Jaume Pons i Martí;12;-;S;;-;N;-;BS;-;6054;485452;4648559;2,82436744;41,9889025
BAR-RESTAURANT;CAN MANOLO;476;Carrer del Pont de la Barca;1;-;N;;-;N;-;BS;2;7333;484967;4648787;2,81850641;41,99094691
BAR RESTAURANT (CAT. 3);TONY'S;477;Pujada del Pont de Pedra;1;-;N;;-;N;-;BS;-;82;485432;4647858;2,82414337;41,98258847
BAR;CENTRE CÍVIC;478;Carrer del Pont Major;67;-;N;73;-;N;-;BS;-;7145;485504;4651149;2,82493129;42,01223062
BAR RESTAURANT (CAT. 2);LA FUSTA;478;Carrer del Pont Major;70;-;N;;-;N;-;BS;-;7243;485594;4651204;2,82601687;42,01272763
BAR RESTAURANT (CAT. 3);RESTAURANT PONT MAJOR;478;Carrer del Pont Major;108;-;N;;-;N;-;BS;-;7276;485643;4651292;2,82660649;42,01352111
BAR RESTAURANT;LA TAVERNA DEL BON VI;478;Carrer del Pont Major;112;-;N;;-;N;-;BS;-;7277;485659;4651310;2,82679929;42,01368352
BAR RESTAURANT (CAT. 1);EL RACÓ DE L'ÀVIA;478;Carrer del Pont Major;121;-;N;;-;N;-;BS;-;7180;485594;4651281;2,82601498;42,01342114
HOTEL AMB BAR;HOTEL MUSEUS LLEGENDES DE GIRONA / EL POU DELS CAPRICIS;483;Carrer del Portal de la Barca;4;-;N;;-;N;-;-;-;11320;485470;4648524;2,82458562;41,9885876
BAR RESTAURANT (CAT. 1);LA TORTILLA TEX MEX;488;Carrer del Pou Rodó;12;-;N;;-;N;-;BS;1;10789;485498;4648513;2,82492392;41,98848904
BAR SENSE ELEMENTS DE COCCIÓ AMB LLIBRERIA;SOMIATRUITES;488;Carrer del Pou Rodó;21;-;N;;-;N;-;BS;-;6092;485521;4648558;2,82520048;41,98889477
BAR RESTAURANT (CAT. 3);HND LA TORTILLA TEX MEX;488;Carrer del Pou Rodó;22;-;N;;-;N;-;SM;1;10998;485533;4648548;2,82534559;41,98880492
BAR;LA TAVERNA;491;Carrer de la Premsa;4;-;N;;-;N;-;BS;2;3812;485236;4648025;2,82177318;41,98408893
BAR;BAR CORDOBA;492;Pujada del Primer de Maig;4;-;N;;-;N;-;BS;-;720;486915;4646474;2,84207603;41,97014927
GRANJA-FLECA (BAR SENSE ELEMENTS DE COCCIÓ);CA LA IAIA;495;Plaça de Prudenci Bertrana;5;-;N;;-;N;-;BS;-;8506;484546;4647894;2,81344719;41,98289583
BAR RESTAURANT;L'ILLA;495;Plaça de Prudenci Bertrana;6;-;N;;-;N;-;BS;2;8504;484555;4647878;2,81355625;41,9827519
BAR SENSE ELEMENTS DE COCCIÓ;LA MASSANA;502;Carrer del Puigmal;14;-;N;;-;N;-;BS;1;5253;483740;4647112;2,80373925;41,97583641
BAR RESTAURANT (CAT. 1);L'ESPLAI;503;Carrer del Puigneulós;16;-;S;22;-;S;-;BS;-;9371;483907;4646778;2,80576409;41,97283161
BAR RESTAURANT (CAT. 3) I PLATS PER EMPORTAR AMB TERRASSA PRIVADA;CASANOVA;503;Carrer del Puigneulós;17;-;N;;-;N;-;BS;-;10099;483900;4646739;2,80568067;41,97248021
BAR;LEWIS;507;Carrer de la Punta del Pi;2;-;N;;-;N;-;BS;1;2721;485846;4646587;2,82917151;41,97114855
BAR AMB TERRASSA PRIVADA;CASINO GIRONA;511;Avinguda de Ramon Folch;3;-;N;;-;N;-;BS;1;10338;485316;4648216;2,82273414;41,9858107
BAR AMB MÚSICA DE FONS AMBIENTAL;YEAH!!;511;Avinguda de Ramon Folch;9;-;N;;-;N;-;BS;-;3873;485234;4648239;2,82174366;41,98601632
BAR RESTAURANT (CAT. 3);POLLO POLLO;511;Avinguda de Ramon Folch;11;-;N;;-;N;-;BS;-;3882;485226;4648250;2,82164681;41,98611524
BAR RESTAURANT (CAT. 3);FREYBURG;511;Avinguda de Ramon Folch;13;-;N;;-;N;-;BS;-;11916;485218;4648260;2,82154998;41,98620516
BAR-RESTAURANT (CAT. 3) AMB MÚSICA DE FONS AMBIENTAL;BABILONIA TERRA DE CERVESES;511;Avinguda de Ramon Folch;15;-;S;;-;N;-;BS;-;3880;485203;4648262;2,82136885;41,98622289
BAR RESTAURANT;EL CAU DE L'ESPORT;512;Carrer de Ramon Muntaner;18;-;N;;-;N;-;BS;3;5625;484382;4647265;2,81148418;41,97722741
BAR MUSICAL;LA IMPREMTA;513;Carrer de Ramon Turró;18;-;N;;-;N;-;-;-;4095;484869;4648000;2,81734353;41,9838568
BAR RESTAURANT (CAT. 3);SYRAH;513;Carrer de Ramon Turró;37;-;N;;-;N;-;BS;-;11852;484814;4648035;2,81667869;41,98417098
BAR RESTAURANT, VENDA DE PLATS PREPARATS I PA;ROSTISSERIA-BAR-RESTAURANT PERICOT;523;Carrer de la Riera Bugantó;7;-;N;;-;N;-;BS;4;10037;485454;4646164;2,82445084;41,96733159
VENDA I COCCIÓ DE PA AMB BAR;PA DE PAS;532;Carrer de la Riera Rimau;20;-;N;;-;N;-;BS;3;8166;484114;4649335;2,80819337;41,9958658
BAR RESTAURANT (CAT.1);COFFEE BREAK;537;Carrer del Riu Ser;10;-;N;;-;N;-;BS;3;9010;484798;4646507;2,81652505;41,9704085
BAR RESTAURANT (CAT.2);DALILA'S BAR RESTAURANT;552;Carrer del Rosselló;14;-;N;;-;N;-;BS;-;4951;484200;4646298;2,80931336;41,96851434
BAR RESTAURANT (CAT. 1);ROSSELLÓ;552;Carrer del Rosselló;33;-;N;;-;N;-;BS;2;5304;484209;4646425;2,80941856;41,96965837
BAR RESTAURANT (CAT. 2);ÁNDALE WAY;556;Carrer de la Rutlla;6;-;N;;-;N;-;BS;-;1311;485376;4647416;2,82347837;41,97860649
BAR;UNDARIUS;556;Carrer de la Rutlla;29;-;N;;-;N;-;BS;-;1261;485354;4647279;2,82321622;41,97737217
BAR - RESTAURANT (CAT.3);PIZZA WORLD;556;Carrer de la Rutlla;39;-;N;;-;N;-;BS;-;11834;485348;4647239;2,8231448;41,97701179
BAR RESTAURANT (CAT. 3);KRUSKAT;556;Carrer de la Rutlla;53;-;N;;-;N;-;BS;1;1536;485329;4647134;2,82291808;41,97606574
BAR;LA MALINCHE;556;Carrer de la Rutlla;70;-;N;72;-;N;-;BS;2;1490;485311;4647197;2,82269925;41,97663282
BAR RESTAURANT (CAT. 3);na;556;Carrer de la Rutlla;84;-;N;;-;N;-;-;-;1470;485303;4647164;2,82260351;41,97633546
BAR RESTAURANT (CAT. 2) SENSE ELEMENTS DE COCCIÓ;HOOKAH;556;Carrer de la Rutlla;108;-;N;;-;N;-;BS;-;1514;485266;4647015;2,82216065;41,97499277
BAR RESTAURANT (CAT. 3) AMB TERRASSA INTERIOR PRIVADA;EL PAGÈS;556;Carrer de la Rutlla;117;-;N;;-;N;-;-;-;1816;485248;4646777;2,82194936;41,97284885
BAR SENSE ELEMENTS DE COCCIÓ;EL CHARRO;556;Carrer de la Rutlla;155;-;N;;-;N;-;BS;-;1897;485322;4646589;2,82284719;41,97115698
BAR;PENCIL;556;Carrer de la Rutlla;170;-;N;;-;N;-;BS;-;1855;485207;4646694;2,82145659;41,97210053
BAR;EL CAU DEL LLOP;557;Carrer de Sacsimort;3;-;N;5;-;N;-;BS;-;10813;485548;4648529;2,82552715;41,98863407
BAR;TASCA DE L'ESTUDIANT;558;Carrer de Sant Agustí;36;-;N;;-;N;-;BS;-;2115;485167;4646480;2,82097921;41,97017235
BAR;LA PLACETA;558;Carrer de Sant Agustí;50;-;N;;-;N;-;BS;1;2122;485172;4646553;2,82103772;41,97082993
BAR RESTAURANT (CAT. 2);CHAPLIN;560;Ronda de Sant Antoni Maria Claret;3;-;N;;-;N;-;BS;1;1154;485016;4647642;2,81912718;41,98063523
BAR RESTAURANT (CAT. 1) I VENDA DE MENJARS PREPARATS AMB OBRADOR;CAN KIKU;560;Ronda de Sant Antoni Maria Claret;7;-;N;;-;N;-;BS;1;1174;485051;4647613;2,8195504;41,9803747
BAR RESTAURANT (CAT. 3);VASARELY CENTER;560;Ronda de Sant Antoni Maria Claret;23;-;N;;-;N;-;BS;-;1186;485134;4647560;2,82055363;41,97989892
FLECA AMB BAR;365;560;Ronda de Sant Antoni Maria Claret;27;-;N;;-;N;-;BS;2;1184;485155;4647549;2,8208074;41,97980024
BAR;PANNUS;560;Ronda de Sant Antoni Maria Claret;30;-;N;32;-;N;-;BS;4;1335;485246;4647441;2,82190856;41,97882923
BAR AMB SERVEI DE PASTISSERIA;PDEPÀ COFFEE BAKERY;560;Ronda de Sant Antoni Maria Claret;45;-;N;;-;N;-;BS;-;1342;485262;4647482;2,82210066;41,97919881
BAR;CAMPUS;564;Plaça de Sant Domènec;1;-;N;;-;N;-;BS;-;5892;485672;4648193;2,82703233;41,9856101
BAR;BAR FACULTAT PSICOLOGIA;564;Plaça de Sant Domènec;9;-;N;;-;N;-;-;-;5874;485681;4648149;2,82714205;41,98521397
BAR RESTAURANT (CAT. 3);LE BISTROT;565;Pujada de Sant Domènec;4;-;N;;-;N;-;BS;-;5872;485587;4648102;2,82600845;41,98478894
BAR RESTAURANT (CAT. 3);HAKUK GASTRO BAR;565;Pujada de Sant Domènec;9;-;N;;-;N;-;BS;2;5894;485645;4648181;2,82670668;41,98550153
BAR RESTAURANT (CAT. 3);JIMMY'S BAR;565;Pujada de Sant Domènec;13;-;N;;-;N;-;BS;-;5892;485672;4648193;2,82703233;41,9856101
BAR RESTAURANT (CAT. 3);KÖNIG;567;Plaça de Sant Feliu;5;-;N;;-;N;-;BS;-;6045;485447;4648435;2,82431015;41,98778558
BAR;SANT FÈLIX;568;Pujada de Sant Feliu;7;-;N;;-;N;-;BS;-;6020;485447;4648329;2,82431278;41,98683088
BAR - RESTAURANT (CAT.3) AMB AMBIENTACIÓ MUSICAL;EL DOLL;568;Pujada de Sant Feliu;21;-;N;23;-;N;-;BS;1;6040;485454;4648396;2,82439562;41,98743445
BAR RESTAURANT (CAT. 2);APPLE CAFÈ;569;Avinguda de Sant Francesc;4;-;N;;-;N;-;BS;3;3677;485299;4647839;2,82253835;41,98241487
BAR RESTAURANT (CAT. 3);CASA RAMEN;569;Avinguda de Sant Francesc;5;-;N;;-;N;-;BS;1;1039;485288;4647798;2,82240659;41,9820454
HOTEL-BAR-CAFETERIA;HOTEL PENINSULAR / CAFÈ SAVOY;569;Avinguda de Sant Francesc;6;-;N;;-;N;-;BS;-;3672;485286;4647851;2,82238112;41,98252271
ESTANC I VENDA DE PRODUCTES RELACIONATS I BAR SENSE ELEMENTS DE COCCIÓ;ESTANC GIRONA 10;569;Avinguda de Sant Francesc;7;-;N;;-;N;-;BS;3;1038;485273;4647802;2,82222542;41,98208114
BAR RESTAURANT (CAT. 3);LA TAPETA;569;Avinguda de Sant Francesc;7;-;N;;-;N;-;BS;1;1038;485273;4647802;2,82222542;41,98208114
BAR SENSE ELEMENTS DE COCCIÓ;EL CAFÈ D'EN QUIMET;571;Carrer de Sant Gregori;91;-;N;;-;N;-;BS;3;8314;484244;4648901;2,80977462;41,99195953
BAR RESTAURANT (CAT. 3);PICADELI'S BAR;571;Carrer de Sant Gregori;107;-;N;;-;N;-;BS;-;8341;484085;4648910;2,80785474;41,99203739
BAR RESTAURANT (TIPUS KEBAB);DÖNER KEBAB;571;Carrer de Sant Gregori;121;-;N;;-;N;-;BS;1;8377;483969;4648912;2,8064542;41,99205305
CAFETERIA-BAR A CASA CAN PUNXA;CAN PUNXA;575;Passeig de Sant Joan Bosco;2;-;N;6;-;N;-;BS;-;6761;485506;4650174;2,82497951;42,00344921
BAR RESTAURANT (CAT. 3) AMB TERRASSA EXTERIOR PRIVADA;CA L'AURORA;575;Passeig de Sant Joan Bosco;36;-;N;;-;N;-;BS;-;6754;485514;4650417;2,82507012;42,00563796
BAR - RESTAURANT (CAT.2);VINOMI;575;Passeig de Sant Joan Bosco;59;-;N;;-;N;-;-;-;7111;485504;4650863;2,82493835;42,00965473
BAR RESTAURANT (CAT. 3);SARATOGA;576;Carrer de Sant Joan Baptista de La Salle;15;-;N;;-;N;-;BS;1;1415;485212;4647252;2,82150291;41,97712634
BAR RESTAURANT SENSE ELEMENTS DE COCCIÓ;ALOHA POKÉ;576;Carrer de Sant Joan Baptista de La Salle;15;-;N;;-;N;-;BS;2;1415;485212;4647252;2,82150291;41,97712634
BAR RESTAURANT (CAT. 1);LA PIADINA;576;Carrer de Sant Joan Baptista de La Salle;17;-;N;;-;N;-;BS;-;2717;485162;4647268;2,82089899;41,97726951
BAR RESTAURANT (CAT. 1) SENSE ELEMENTS DE COCCIÓ;ANGELUS MAR;576;Carrer de Sant Joan Baptista de La Salle;32;-;N;;-;N;-;BS;1;1368;484978;4647353;2,81867587;41,97803159
BAR AMB MÚSICA DE FONS AMBIENTAL;ELS FOGONS;585;Avinguda de Sant Narcís;18;-;N;;-;N;-;BS;7;5520;484576;4647416;2,81382187;41,97859124
BAR SENSE ELEMENTS DE COCCIÓ;CAFETERIA LA HORA;585;Avinguda de Sant Narcís;20;-;N;;-;N;-;BS;2;5520;484576;4647416;2,81382187;41,97859124
BAR RESTAURANT (CAT. 1) AMB VENDA DE PA I PASTISSERIA;RESTAURANT BAR OCTAVI;585;Avinguda de Sant Narcís;65;-;N;;-;N;-;BS;3;4655;484556;4647054;2,81358997;41,97533044
BAR RESTAURANT (CAT.2);VENÈCIA;585;Avinguda de Sant Narcís;75;-;N;;-;N;-;BS;2;9185;484536;4646939;2,81335159;41,97429428
BAR RESTAURANT (CAT. 2);SNACK MIRAMAR;585;Avinguda de Sant Narcís;89;-;N;;-;N;-;BS;L2;4667;484504;4646832;2,81296818;41,97332994
BAR RESTAURANT (CAT. 2);AVINGUDA;585;Avinguda de Sant Narcís;91;-;N;;-;N;-;BS;L2;4666;484499;4646816;2,81290825;41,97318573
BAR;CATALUNYA;585;Avinguda de Sant Narcís;91;-;N;;-;N;-;BS;L1;4666;484499;4646816;2,81290825;41,97318573
VENDA DE PRODUCTES DE PASTISSERIA, PA I DERIVATS AMB SERVEI DE BAR;PASTISSERIA NOGUERA;585;Avinguda de Sant Narcís;98;-;N;;-;N;-;BS;1;5278;484360;4646466;2,81123988;41,97003065
BAR RESTAURANT (CAT. 3);VITRALL;585;Avinguda de Sant Narcís;100;-;N;;-;N;-;BS;-;5317;484349;4646420;2,81110835;41,96961613
BAR RESTAURANT (CAT. 3);BAR 106;585;Avinguda de Sant Narcís;106;-;N;;-;N;-;BS;-;5317;484349;4646420;2,81110835;41,96961613
BAR;SANTA  ANNA;585;Avinguda de Sant Narcís;117;-;N;;-;N;-;BS;-;4880;484354;4646308;2,81117167;41,96860748
BAR SENSE ELEMENTS DE COCCIÓ;EL MOLINET DE CAFE;585;Avinguda de Sant Narcís;119;-;N;;-;N;-;BS;1;4880;484354;4646308;2,81117167;41,96860748
BAR-RESTAURANT;LUIS ALBERTO DIAZ ROSSO;587;Plaça de Sant Pere;1;-;N;;-;N;-;BS;1;6324;485493;4648614;2,82486106;41,98939862
BAR RESTAURANT (CAT. 3) AMB TERRASSA PRIVADA;EL FORN;587;Plaça de Sant Pere;5;-;N;;-;N;-;BS;1;6320;485522;4648641;2,8252105;41,98964234
BAR-RESTAURANT (CAT. 2);JORBEL;587;Plaça de Sant Pere;6;-;N;;-;N;-;BS;-;6319;485526;4648645;2,8252587;41,98967844
BAR SENSE ELEMENTS DE COCCIÓ;MARIA;592;Carrer de Sant Sebastià;31;-;N;;-;N;-;BS;1;5638;484031;4646905;2,80725726;41,97397798
BAR RESTAURANT (CAT. 3) AMB OBRADOR DE PRODUCTES CUINATS I PRECUINATS PER EMPORTAR I SERVEI A DOMICI;CREPERIA AMORE AMORE;592;Carrer de Sant Sebastià;36;-;N;;-;N;-;BS;1;8877;483971;4646897;2,8065333;41,97390471
BAR;ROSA-RAFA;592;Carrer de Sant Sebastià;38;-;N;;-;N;-;BS;-;8877;483971;4646897;2,8065333;41,97390471
BAR RESTAURANT (CAT-1);ABRIL;593;Carrer de Santa Clara;27;-;N;;-;N;-;BS;-;3758;485331;4648007;2,82292044;41,98392859
BAR-RESTAURANT (CAT. 2) AMB BOTIGA DE VENDA DE PA, PRODUCTES DE PASTISSERIA I PLATS PREPARATS;CAN MONER;593;Carrer de Santa Clara;45;-;N;;-;N;-;BS;2;3803;485358;4648104;2,82324396;41,98480274
BAR RESTAURANT (CAT. 3) AMB PUNT DE VENDA DE PA I PRODUCTES DE FLECA;PLIS PLAS SANTA CLARA;593;Carrer de Santa Clara;49;-;N;;-;N;-;BS;-;3801;485360;4648118;2,82326775;41,98492887
SALA DE BINGO AMB BAR;BINGO ENRACHA CATEDRAL;595;Carretera de Santa Coloma;77;-;N;79;-;N;-;-;-;11804;483920;4645585;2,8059536;41,96208692
BAR RESTAURANT;CAN FALGÀS;595;Carretera de Santa Coloma;116;-;N;;-;N;-;-;-;10185;483470;4645171;2,80053486;41,95834885
BAR-RESTAURANT (CAT.3);OISHI;596;Carrer de Santa Eugènia;11;-;N;;-;N;-;BS;6;4214;484833;4647700;2,81691669;41,98115412
BAR RESTAURANT (CAT. 1);LA PUNXA;596;Carrer de Santa Eugènia;23;-;N;;-;N;-;BS;1;4235;484636;4647612;2,81454098;41,98035771
BAR SENSE ELEMENTS DE COCCIÓ;ACAPULCO;596;Carrer de Santa Eugènia;39;-;N;;-;N;-;BS;2;5548;484529;4647506;2,81325218;41,97940092
BAR RESTAURANT (CAT. 3) PIZZERIA;TELEPIZZA;596;Carrer de Santa Eugènia;46;-;N;;-;N;-;BS;2;4249;484665;4647663;2,81488971;41,98081762
BAR RESTAURANT (CAT. 2);LEDA'S;596;Carrer de Santa Eugènia;65;-;N;;-;N;-;BS;2;5565;484411;4647486;2,81182836;41,97921846
BAR-RESTAURANT (CAT. 3);FELIÇ;596;Carrer de Santa Eugènia;78;-;N;80;-;N;-;BS;2;4320;484488;4647569;2,81275562;41,97996753
BAR RESTAURANT (CAT. 3);CA LA IAIA;596;Carrer de Santa Eugènia;81;-;N;;-;N;-;BS;3;4724;484217;4647376;2,80948959;41,97822386
BAR RESTAURANT (CAT. 3) AMB MÚSICA DE FONS AMBIENTAL;PAK PIZZERIA RESTAURANT;596;Carrer de Santa Eugènia;81;-;N;;-;N;-;BS;2;4724;484217;4647376;2,80948959;41,97822386
BAR;TRÀNSIT;596;Carrer de Santa Eugènia;81;-;N;;-;N;-;BS;1;4724;484217;4647376;2,80948959;41,97822386
BAR RESTAURANT (CAT. 2);MOLDOVA;596;Carrer de Santa Eugènia;158;-;N;;-;N;-;BS;-;4775;483950;4647280;2,80626938;41,97735383
PERRUQUERIA-BARBERIA;PERRUQUERIA RAWAN;596;Carrer de Santa Eugènia;169;-;N;;-;N;-;BS;7;5262;483716;4647206;2,80344696;41,97668254
BAR RESTAURANT (CAT. 1);CHARLY;596;Carrer de Santa Eugènia;200;-;N;;-;N;-;BS;-;5385;483742;4647247;2,80375965;41,97705235
BAR RESTAURANT (CAT. 1);LA FRONTERA;596;Carrer de Santa Eugènia;226;-;N;;-;N;-;BS;-;5469;483555;4647207;2,80150362;41,9766882
BAR RESTAURANT (CAT. 2);CAPUCCINO;598;Plaça de Santa Eugènia;1;-;N;;-;N;-;BS;1;5262;483716;4647206;2,80344696;41,97668254
BAR SENSE ELEMENTS DE COCCIÓ;RECIO'S;598;Plaça de Santa Eugènia;2;-;N;;-;N;-;BS;2;5261;483720;4647189;2,80349571;41,97652951
BAR RESTAURANT (CAT.1);EL TOC;598;Plaça de Santa Eugènia;3;-;N;;-;N;-;BS;2;5260;483723;4647173;2,80353237;41,97638546
BAR AMB BOTIGA DE ROBA;ALIANZA;598;Plaça de Santa Eugènia;3;-;N;;-;N;-;BS;5;5260;483723;4647173;2,80353237;41,97638546
BAR RESTAURANT (CAT. 3);LA PLAÇA;599;Travessia de Santa Eugènia;39;-;N;;-;N;-;BS;-;5451;483497;4647107;2,80080635;41,97578632
BAR SENSE ELEMENTS DE COCCIÓ;NYKTERI'S COCKTAIL BAR;600;Carrer de Santa Llúcia;4;-;N;;-;N;-;BS;-;6358;485582;4648550;2,8259371;41,98882383
BAR RESTAURANT (CAT. 3);LA REGOLTA;600;Carrer de Santa Llúcia;6;-;N;;-;N;-;BS;1;6357;485591;4648542;2,82604595;41,98875194
BAR RESTAURANT (CAT. 2) AMB MÚSICA DE FONS AMBIENTAL;BAR RESTAURANTE CARLOS;605;Carrer de Santiago Rusiñol;13;-;N;;-;N;-;BS;2;5510;484451;4647413;2,81231312;41,97856176
BAR;CHIP&RON;606;Carrer de Santiago Sobrequés i Vidal;6;-;N;;-;N;-;BS;3;5267;484215;4646647;2,80948502;41,97165797
BAR;CENTRO;608;Carrer de Sardenya;8;-;N;;-;N;-;BS;1;6820;485421;4650385;2,82394787;42,00534803
BAR;SEGRE;611;Carrer del Riu Segre;6;-;N;;-;N;-;BS;2;2561;484576;4646067;2,81385725;41,96644125
BAR RESTAURANT (CAT. 2);BAR ESPORTIU;611;Carrer del Riu Segre;8;-;N;;-;N;B;BS;-;2562;484593;4646062;2,81406254;41,96639655
BAR;NIHM'S;612;Carrer de la Sèquia;5;-;N;;-;N;-;BS;2;3703;485209;4647949;2,82144916;41,98340392
BAR RESTAURANT (CAT. 2);LA TRUITERIA;612;Carrer de la Sèquia;25;-;N;;-;N;-;BS;L1;3931;484995;4647894;2,81886726;41,98290451
BAR;NONITA;612;Carrer de la Sèquia;25;-;N;;-;N;-;BS;L2;3931;484995;4647894;2,81886726;41,98290451
BAR;HAPPY;624;Carretera de Taialà;48;-;N;;-;N;-;BS;1;7509;483919;4649168;2,80584354;41,99435773
BAR I OBRADOR AMB VENDA  AL DETALL DE PA I PASTISSERIA;FLECA ALIU;628;Carrer del Taquígraf Martí;1;-;N;3;-;N;-;BS;1;514;485614;4647107;2,82635874;41,97582781
BAR-RESTAURANT (CAT. 1);LA TAVERNA DE L'ÀNGEL;634;Carrer del Terç de Miquelets;1;-;N;;-;N;-;-;-;183;485666;4647637;2,82697346;41,98060229
BAR SENSE ELEMENTS DE COCCIÓ;EL JOVENT;636;Plaça de Tomàs Baraut i Obiols;4;-;N;;-;N;-;BS;5;6806;485445;4650330;2,82423905;42,00485311
BAR;SELES;636;Plaça de Tomàs Baraut i Obiols;5;-;N;;-;N;-;BS;1;6805;485444;4650314;2,82422737;42,00470899
BAR;CAN BERNARDO;644;Carrer de la Torre de Taialà;69;-;N;;-;N;-;BS;-;8108;483981;4649345;2,80658727;41,99595317
BAR;CHICAN'S;648;Grup Torre Gironella;111;-;N;;-;N;-;BS;2;6148;486061;4648072;2,83173119;41,98452727
BAR;CAN PACO;676;Carrer de València;32;-;N;;-;N;-;BS;1;4909;484162;4646345;2,80885348;41,96893689
BAR;BAR PITUFO;678;Carrer de Valladolid;9;-;N;;-;N;-;BS;1;5316;484261;4646469;2,81004497;41,9700557
BAR-RESTAURANT (CAT. 2);CAFÈ DEL TEATRE;684;Plaça del Vi;1;-;N;;-;N;-;BS;2;25;485538;4647886;2,82542225;41,98284261
BAR RESTAURANT (CAT.3);PLAÇA DEL VI 7;684;Plaça del Vi;7;-;N;;-;N;-;BS;-;5722;485446;4647893;2,8243115;41,98290396
GRANJA-BAR.;L'ANTIGA;684;Plaça del Vi;8;-;N;;-;N;-;BS;3;5721;485448;4647909;2,82433525;41,98304811
BAR RESTAURANT;EL SOL;684;Plaça del Vi;9;-;N;;-;N;-;BS;1;5720;485454;4647918;2,82440745;41,98312928
BAR-RESTAURANT (CAT. 1);B-12;684;Plaça del Vi;11;-;N;;-;N;-;BS;1;5719;485462;4647933;2,82450365;41,98326452
BAR RESTAURANT (CAT. 3) I VENDA DE PRODUCTES ENVASATS;LA LLOSA;687;Carrer de Vista Alegre;3;-;N;;-;N;-;BS;-;8517;485473;4647319;2,82465161;41,97773464
BAR;LA RAMBLA FONTAJAU;689;Rambla de Xavier Cugat;6;-;N;10;-;N;-;BS;5;7360;484863;4648954;2,81724653;41,99244902
BAR RESTAURANT (CAT. 2);EL TEU CAFÈ;689;Rambla de Xavier Cugat;22;-;N;;-;N;-;BS;3;7385;484761;4648961;2,81601487;41,9925101
BAR RESTAURANT (CAT. 3) AMB BOTIGA DE MENJARS PRECUINATS;EL RACÓ DE FONTAJAU;689;Rambla de Xavier Cugat;28;-;N;;-;N;-;BS;2;7417;484689;4648963;2,81514555;41,99252672
BAR-RESTAURANT;EL SIBARITA;689;Rambla de Xavier Cugat;36;-;N;;-;N;-;BS;-;7445;484609;4648962;2,81417971;41,99251615
BAR;EL NOU KICK-OFF;689;Rambla de Xavier Cugat;44;-;N;;-;N;-;BS;1;7466;484545;4648959;2,81340711;41,99248788
BAR RESTAURANT (CAT. 3);SUDOKU;695;Carrer de Castelló de la Plana;7;-;-;;-;-;-;BS;-;10307;484417;4646369;2,81193039;41,96915814
BAR RESTAURANT (CAT. 3) DINS LA FACULTAT DE CIÈNCIES;CAFETERIA FACULTAT DE CIÈNCIES;707;Carrer de Maria Aurèlia Capmany i Farnés;69;-;N;;-;N;-;-;-;11283;485814;4645623;2,82880855;41,96246553
FACULTAT DE CIÈNCIES JURÍDIQUES - BAR-RESTAURANT (CAT. 3);UDG - FACULTAT DE DRET;715;Carrer de la Universitat de Girona;12;-;N;;-;N;-;-;-;11282;485915;4645579;2,83002842;41,96207105
BAR-RESTAURANT (CAT. 3);EL GINJOLER;716;Carrer del Pic de Peguera;11;-;N;;-;N;-;-;-;12170;486462;4646086;2,83661769;41,96664702
BAR-RESTAURANT (CAT. 3);PARC CAFÈ;716;Carrer del Pic de Peguera;15;-;N;;-;N;-;-;-;12172;486484;4646154;2,83688163;41,96725985
BAR RESTAURANT (CAT. 3) I ZONA DE JOCS;BURGER KING;719;Plaça de Salt;3;-;N;;-;N;-;-;-;5040;484142;4645940;2,80862302;41,96528879
SALA DE FESTES AMB ESPECTACLE I SERVEI DE BAR;CARIBBEAN;720;Carrer de Salt;16;A;N;;-;N;-;-;-;11523;483985;4646059;2,80672509;41,96635741
BAR-RESTAURANT (CAT. 3);LA FONDA DEL RIU GÜELL;720;Carrer de Salt;16;K;N;;-;N;-;-;-;11528;484058;4646089;2,80760526;41,96662909
BAR RESTAURANT (CAT. 3) AMB VENDA DE MENJARS PER EMPORTAR;TOT BRASA;720;Carrer de Salt;16;K;N;;-;N;-;-;-;11528;484058;4646089;2,80760526;41,96662909
BAR RESTAURANT (CAT. 3);MAS SUREDA;720;Carrer de Salt;49;-;N;;-;N;-;-;-;10046;483552;4646188;2,80149591;41,96751035
BAR RESTAURANT (CAT. 2);CA LA ROSI;721;Carrer de Can Pau Birol;15;-;N;;-;N;-;BS;-;9189;483856;4645996;2,80517001;41,96578736
GRANJA-BAR;LA FLECA DE PALAU;731;Carrer dels Jocs Olímpics de Barcelona;7;-;N;;-;N;-;BS;2;3032;485200;4645191;2,82140992;41,95856336
BAR-RESTAURANT (CAT. 1);L'OU;742;Passatge de la Farinera Teixidor;8;-;N;;-;N;-;BS;2;4223;484799;4647776;2,81650431;41,98183797
BAR RESTAURANT (CAT. 2);SNACK CATORCE HERMANOS;742;Passatge de la Farinera Teixidor;10;-;N;;-;N;-;BS;-;4223;484799;4647776;2,81650431;41,98183797
BAR RESTAURANT (CAT. 2);CAMPUS BARRI VELL;745;Plaça de Josep Ferrater i Mora;1;-;N;;-;N;-;-;-;5877;485755;4648117;2,82803615;41,9849271
BAR-RESTAURANT (CAT. 3) I VENDA DE PA;PLIS PLAS;758;Carrer de Ferran Soldevila;2;-;N;;-;N;-;BS;-;1118;484880;4647553;2,81748781;41,97983104
BAR RESTAURANT (CAT. 1);BON BON CAFE;774;Carrer de Joan Roca i Pinet;1;-;N;;-;N;-;BS;1;1543;484903;4646614;2,81778955;41,97137423
BAR-RESTAURANT (CAT. 2) I ELABORACIÓ I VENDA DE PLATS PRE AMB CARPA DESMUNTABLE MENJADOR I SALA JOCS;McDONALD'S;782;Carrer de Vitòria-Gasteiz;2;-;N;;-;N;-;-;-;8673;484356;4645391;2,81122019;41,9603484
BAR RESTAURANT (CAT. 3);BÓ DE BÓ;809;Carrer d'Adri;17;-;N;;-;N;-;-;-;10197;483232;4648892;2,79755686;41,99185758
BAR RESTAURANT;LA CURREÑA DE L'ÀNGELA;810;Carrer de Cartellà;15;-;N;;-;N;-;-;-;7715;483315;4649178;2,79855081;41,99443523
MINIGOLF AMB BAR-RESTAURANT;na;816;Plaça de Domènec Fita i Molat;1;-;N;;-;N;-;-;-;12179;486167;4649155;2,8329853;41,99428334
BAR-RESTAURANT (CAT. 3);NOVA ÀSIA;842;Carrer de Joan Josep Tharrats i Vidal;2;-;N;;-;N;-;BS;-;7313;485012;4648895;2,81904694;41,99192048
BAR RESTAURANT (CAT. 3);EL CAFÈ DEL PARC;851;Carrer de Pau Vila i Dinarès;1;-;N;;-;N;-;-;-;11247;485001;4646785;2,81896798;41,97291624
BAR RESTAURANT (CAT. 3) AMB MÚSICA DE FONS AMBIENTAL I KARAOKE;VADEBRASA;851;Carrer de Pau Vila i Dinarès;2;-;N;;-;N;-;BS;-;11801;484816;4646727;2,81673661;41,97239031
BAR - RESTAURANT (CAT.3);TANDEM CAFÈ;851;Carrer de Pau Vila i Dinarès;6;-;N;;-;N;-;BS;-;11801;484816;4646727;2,81673661;41,97239031
BAR AMB OBRADOR I VENDA DE PA;ELIAS BOULANGER;851;Carrer de Pau Vila i Dinarès;10;-;N;;-;N;-;BS;-;11802;484924;4646686;2,81804116;41,97202311
BAR-RESTAURANT (CAT. 3) AMB TERRASSA PRIVADA;GIRUM;891;Carrer de Francesc Ferrer i Gironès;6;-;N;;-;N;-;BS;1;12763;484870;4649333;2,81732128;41,99586267
