"Codi_Carrer";"Codi_Tipus_Via";"Nexe";"Nom_carrer";"Nom_complet"
"0001";"C.";"de l'";"Onze de Setembre";"Carrer de l'Onze de Setembre"
"0002";"Av.";"del";"Vint de Juny";"Avinguda del Vint de Juny"
"0003";"C.";"del";"Vuit de Juliol de 1809";"Carrer del Vuit de Juliol de 1809"
"0004";"C.";"de";"Baix";"Carrer de Baix"
"0005";"C.";"de l'";"Abat Escarré";"Carrer de l'Abat Escarré"
"0006";"C.";"dels";"Abeuradors";"Carrer dels Abeuradors"
"0007";"C.";"de l'";"Acàcia";"Carrer de l'Acàcia"
"0008";"C.";"d'";"Enric Adroher i Pascual";"Carrer d'Enric Adroher i Pascual"
"0009";"C.";"de les";"Agudes";"Carrer de les Agudes"
"0010";"C.";"de";"Josep Aguilera i Martí";"Carrer de Josep Aguilera i Martí"
"0011";"C.";"d'";"Agustí Riera i Pau";"Carrer d'Agustí Riera i Pau"
"0012";"C.";"d'";"Alacant";"Carrer d'Alacant"
"0013";"C.";"d'";"Albacete";"Carrer d'Albacete"
"0014";"C.";"de l'";"Albereda";"Carrer de l'Albereda"
"0015";"C.";"d'";"Albí";"Carrer d'Albí"
"0016";"C.";"dels";"Alemanys";"Carrer dels Alemanys"
"0017";"C.";"de";"Valentí Almirall i Llozer";"Carrer de Valentí Almirall i Llozer"
"0018";"C.";"dels";"Almogàvers";"Carrer dels Almogàvers"
"0019";"C.";"dels";"Alps";"Carrer dels Alps"
"0021";"Av.";"de";"Mariano Álvarez de Castro";"Avinguda de Mariano Álvarez de Castro"
"0022";"C.";"d'";"Andalusia";"Carrer d'Andalusia"
"0023";"Pl.";"d'";"Andalusia";"Plaça d'Andalusia"
"0024";"C.";"d'";"Andreu Tuyet i Santamaria";"Carrer d'Andreu Tuyet i Santamaria"
"0025";"C.";"de l'";"Aneto";"Carrer de l'Aneto"
"0026";"Pl.";"de l'";"Aneto";"Plaça de l'Aneto"
"0027";"C.";"de l'";"Àngel";"Carrer de l'Àngel"
"0028";"C.";"d'";"Àngela Bivern i Puig";"Carrer d'Àngela Bivern i Puig"
"0029";"C.";"d'";"Anselm Clavé i Camps";"Carrer d'Anselm Clavé i Camps"
"0030";"C.";"d'";"Antic Roca";"Carrer d'Antic Roca"
"0031";"Ctra.";"-";"Antiga d'Amer";"Carretera Antiga d'Amer"
"0032";"C.";"d'";"Anton Agullana";"Carrer d'Anton Agullana"
"0033";"C.";"d'";"Aragó";"Carrer d'Aragó"
"0035";"C.";"de l'";"Arc";"Carrer de l'Arc"
"0036";"C.";"de l'";"Argenteria";"Carrer de l'Argenteria"
"0037";"C.";"de";"Guillem Bofill";"Carrer de Guillem Bofill"
"0038";"C.";"dels";"Artillers";"Carrer dels Artillers"
"0039";"Pl.";"de l'";"Assumpció";"Plaça de l'Assumpció"
"0040";"C.";"d'";"Astúries";"Carrer d'Astúries"
"0041";"C.";"de l'";"Atlàntida";"Carrer de l'Atlàntida"
"0042";"C.";"de l'";"Auriga";"Carrer de l'Auriga"
"0043";"Trv.";"de l'";"Auriga";"Travessia de l'Auriga"
"0044";"C.";"de l'";"Avellaner";"Carrer de l'Avellaner"
"0045";"C.";"de l'";"Avi Xaxu";"Carrer de l'Avi Xaxu"
"0046";"C.";"de";"Bernat Bacià";"Carrer de Bernat Bacià"
"0047";"C.";"de";"Bailèn";"Carrer de Bailèn"
"0048";"C.";"del";"Balandrau";"Carrer del Balandrau"
"0049";"Ptge.";"del";"Balandrau";"Passatge del Balandrau"
"0050";"C.";"de les";"Illes Balears";"Carrer de les Illes Balears"
"0051";"C.";"de les";"Ballesteries";"Carrer de les Ballesteries"
"0052";"C.";"de";"Jaume Balmes";"Carrer de Jaume Balmes"
"0053";"C.";"del";"Baluard";"Carrer del Baluard"
"0054";"C.";"dels";"Banyoles";"Carrer dels Banyoles"
"0055";"C.";"de la";"Barca";"Carrer de la Barca"
"0056";"C.";"de";"Barcelona";"Carrer de Barcelona"
"0057";"C.";"del";"Barranc";"Carrer del Barranc"
"0058";"Pda.";"de la";"Barrufa";"Pujada de la Barrufa"
"0059";"C.";"de la";"Riera Bascanella";"Carrer de la Riera Bascanella"
"0060";"C.";"del";"Bassegoda";"Carrer del Bassegoda"
"0061";"C.";"de";"Bastiments";"Carrer de Bastiments"
"0062";"C.";"de";"Lluís Batlle i Prats";"Carrer de Lluís Batlle i Prats"
"0063";"C.";"de les";"Beates";"Carrer de les Beates"
"0064";"Pl.";"dels";"Bell-lloc";"Plaça dels Bell-lloc"
"0065";"C.";"de";"Bellmirall";"Carrer de Bellmirall"
"0066";"C.";"del";"Bellaire";"Carrer del Bellaire"
"0067";"C.";"de la";"Bellavista";"Carrer de la Bellavista"
"0068";"C.";"del";"Bellpuig";"Carrer del Bellpuig"
"0069";"C.";"de";"Berenguer Carnicer";"Carrer de Berenguer Carnicer"
"0070";"C.";"de";"Berenguer de Palol";"Carrer de Berenguer de Palol"
"0071";"C.";"de";"Bernat Boades";"Carrer de Bernat Boades"
"0072";"C.";"de";"Bilbao";"Carrer de Bilbao"
"0073";"C.";"de";"Bisbe Cartañà";"Carrer de Bisbe Cartañà"
"0074";"C.";"de";"Tomás de Lorenzana";"Carrer de Tomás de Lorenzana"
"0075";"C.";"de";"Bisbe Sivilla";"Carrer de Bisbe Sivilla"
"0076";"C.";"de";"Bluefields";"Carrer de Bluefields"
"0077";"C.";"de";"Carles de Bolós";"Carrer de Carles de Bolós"
"0078";"C.";"de";"Bonastruc de Porta";"Carrer de Bonastruc de Porta"
"0079";"C.";"de";"Bonaventura Carreras i Peralta";"Carrer de Bonaventura Carreras i Peralta"
"0080";"C.";"de";"Lluís Borrassà";"Carrer de Lluís Borrassà"
"0081";"Jdins.";"d'";"Ignasi Bosch i Reitg";"Jardins d'Ignasi Bosch i Reitg"
"0082";"C.";"del";"Bosquet";"Carrer del Bosquet"
"0083";"C.";"del";"Bou d'Or";"Carrer del Bou d'Or"
"0084";"C.";"de";"Bru Barnoya i Xiberta";"Carrer de Bru Barnoya i Xiberta"
"0086";"C.";"de la";"Riera Bullidors";"Carrer de la Riera Bullidors"
"0087";"C.";"del";"Cadí";"Carrer del Cadí"
"0088";"C.";"dels";"Calderers";"Carrer dels Calderers"
"0089";"Pl.";"de";"Francesc Calvet i Rubalcaba";"Plaça de Francesc Calvet i Rubalcaba"
"0090";"C.";"del";"Camp d'Or";"Carrer del Camp d'Or"
"0091";"C.";"del";"Camp de la Bateria";"Carrer del Camp de la Bateria"
"0092";"C.";"del";"Camp de la Plana";"Carrer del Camp de la Plana"
"0093";"C.";"del";"Camp de les Lloses";"Carrer del Camp de les Lloses"
"0094";"C.";"del";"Camp Gornau";"Carrer del Camp Gornau"
"0095";"C.";"de";"Campcardós";"Carrer de Campcardós"
"0096";"Ptge.";"de";"Campcardós";"Passatge de Campcardós"
"0099";"Dis.";"de";"Campdorà";"Disseminat de Campdorà"
"0101";"C.";"de";"Can Llobet";"Carrer de Can Llobet"
"0102";"C.";"de";"Can Massa";"Carrer de Can Massa"
"0103";"C.";"de";"Can Prunell";"Carrer de Can Prunell"
"0104";"C.";"de";"Can Sopa";"Carrer de Can Sopa"
"0105";"C.";"de";"Can Sunyer";"Carrer de Can Sunyer"
"0106";"C.";"de";"Can Sureda";"Carrer de Can Sureda"
"0107";"Ptge.";"de";"Can Sureda";"Passatge de Can Sureda"
"0108";"C.";"de";"Can Torroella";"Carrer de Can Torroella"
"0109";"C.";"de";"Can Triola";"Carrer de Can Triola"
"0110";"Trv.";"dels";"Canaders";"Travessia dels Canaders"
"0111";"Pg.";"de";"José Canalejas";"Passeig de José Canalejas"
"0112";"C.";"d'";"Antoni Canet";"Carrer d'Antoni Canet"
"0113";"C.";"del";"Canigó";"Carrer del Canigó"
"0114";"C.";"de";"Canonge Dorca";"Carrer de Canonge Dorca"
"0115";"C.";"de";"Canonge Morera";"Carrer de Canonge Morera"
"0116";"C.";"de";"Canonge Rovira";"Carrer de Canonge Rovira"
"0117";"C.";"del";"Cantàbric";"Carrer del Cantàbric"
"0118";"C.";"del";"Cap de Creus";"Carrer del Cap de Creus"
"0119";"C.";"dels";"Caputxins";"Carrer dels Caputxins"
"0120";"Dis.";"dels";"Caputxins";"Disseminat dels Caputxins"
"0122";"C.";"de";"Cardenal Margarit";"Carrer de Cardenal Margarit"
"0123";"C.";"de";"Carles Rahola";"Carrer de Carles Rahola"
"0124";"C.";"de";"Carme Auguet i Comalada";"Carrer de Carme Auguet i Comalada"
"0125";"C.";"del";"Carme";"Carrer del Carme"
"0126";"C.";"de";"Carme Gubert";"Carrer de Carme Gubert"
"0127";"C.";"de";"Manuel Carrasco i Formiguera";"Carrer de Manuel Carrasco i Formiguera"
"0128";"Trv.";"del";"Carril";"Travessia del Carril"
"0129";"C.";"de";"Cartagena";"Carrer de Cartagena"
"0130";"C.";"de";"Cassià Costal";"Carrer de Cassià Costal"
"0131";"C.";"del";"Castanyer";"Carrer del Castanyer"
"0132";"Pl.";"de les";"Castanyes";"Plaça de les Castanyes"
"0133";"Pda.";"al";"Castell";"Pujada al Castell"
"0134";"C.";"del";"Castell de Cartellà";"Carrer del Castell de Cartellà"
"0135";"C.";"del";"Castell de Montsolís";"Carrer del Castell de Montsolís"
"0136";"C.";"del";"Castell de Peralada";"Carrer del Castell de Peralada"
"0137";"C.";"del";"Castell de Requesens";"Carrer del Castell de Requesens"
"0138";"C.";"del";"Castell de Solterra";"Carrer del Castell de Solterra"
"0139";"C.";"del";"Castellet";"Carrer del Castellet"
"0140";"Pl.";"de";"Catalunya";"Plaça de Catalunya"
"0141";"Rbla.";"de";"Catalunya";"Rambla de Catalunya"
"0142";"Pl.";"de la";"Catedral";"Plaça de la Catedral"
"0143";"Pda.";"de la";"Catedral";"Pujada de la Catedral"
"0144";"C.";"de";"Caterina Albert";"Carrer de Caterina Albert"
"0145";"C.";"dels";"Cavallers";"Carrer dels Cavallers"
"0146";"C.";"-";"Central";"Carrer Central"
"0147";"C.";"de";"Cerverí";"Carrer de Cerverí"
"0148";"C.";"del";"Cervino";"Carrer del Cervino"
"0149";"C.";"dels";"Ciutadans";"Carrer dels Ciutadans"
"0150";"C.";"de la";"Claveria";"Carrer de la Claveria"
"0151";"C.";"del";"Coll d'Ares";"Carrer del Coll d'Ares"
"0152";"C.";"del";"Collsacabra";"Carrer del Collsacabra"
"0153";"C.";"de la";"Coma";"Carrer de la Coma"
"0154";"C.";"del";"Comanegra";"Carrer del Comanegra"
"0155";"C.";"del";"Comerç";"Carrer del Comerç"
"0156";"Cró.";"del";"Conflent";"Carreró del Conflent"
"0158";"C.";"del";"Cor de Maria";"Carrer del Cor de Maria"
"0159";"Pl.";"del";"Correu Vell";"Plaça del Correu Vell"
"0160";"C.";"de";"Còrsega";"Carrer de Còrsega"
"0161";"C.";"de la";"Cort Reial";"Carrer de la Cort Reial"
"0162";"C.";"de la";"Corunya";"Carrer de la Corunya"
"0163";"C.";"de la";"Costa Brava";"Carrer de la Costa Brava"
"0164";"C.";"de";"Pere Costa i Cases";"Carrer de Pere Costa i Cases"
"0165";"C.";"del";"Costabona";"Carrer del Costabona"
"0166";"C.";"de la";"Creu";"Carrer de la Creu"
"0167";"Dis.";"de la";"Creu de Palau";"Disseminat de la Creu de Palau"
"0168";"Pda.";"de la";"Creu de Palau";"Pujada de la Creu de Palau"
"0169";"Trv.";"de la";"Creu";"Travessia de la Creu"
"0170";"C.";"de les";"Creus";"Carrer de les Creus"
"0171";"C.";"de";"Cristòfor Colom";"Carrer de Cristòfor Colom"
"0172";"C.";"de";"Cristòfor Grober";"Carrer de Cristòfor Grober"
"0173";"C.";"de la";"Croada";"Carrer de la Croada"
"0174";"C.";"de";"Manuel Cúndaro";"Carrer de Manuel Cúndaro"
"0175";"Pl.";"de";"Salvador Dalí i Domènech";"Plaça de Salvador Dalí i Domènech"
"0176";"C.";"de";"Josep Maria Dalmau";"Carrer de Josep Maria Dalmau"
"0177";"C.";"del";"Riu Daró";"Carrer del Riu Daró"
"0178";"Jdins.";"de";"John Lennon";"Jardins de John Lennon"
"0179";"Pg.";"de la";"Devesa";"Passeig de la Devesa"
"0180";"Pl.";"de la";"Diputació";"Plaça de la Diputació"
"0181";"Dis.";"de";"Domeny";"Disseminat de Domeny"
"0182";"C.";"de";"Josep Ametller i Viñas";"Carrer de Josep Ametller i Viñas"
"0183";"C.";"de l'";"Illa d'Eivissa";"Carrer de l'Illa d'Eivissa"
"0184";"C.";"de";"Francesc Eiximenis";"Carrer de Francesc Eiximenis"
"0185";"C.";"d'";"Elx";"Carrer d'Elx"
"0186";"C.";"d'";"Emili Grahit";"Carrer d'Emili Grahit"
"0187";"C.";"de l'";"Empordà";"Carrer de l'Empordà"
"0188";"C.";"d'";"Empúries";"Carrer d'Empúries"
"0189";"C.";"de les";"Enderrocades";"Carrer de les Enderrocades"
"0190";"C.";"d'";"Enric Claudi Girbal i Nadal";"Carrer d'Enric Claudi Girbal i Nadal"
"0191";"C.";"de l'";"Escola Pia";"Carrer de l'Escola Pia"
"0192";"C.";"de l'";"Escorial";"Carrer de l'Escorial"
"0193";"Pl.";"d'";"Espanya";"Plaça d'Espanya"
"0194";"C.";"de l'";"Esperanto";"Carrer de l'Esperanto"
"0195";"C.";"de l'";"Esport";"Carrer de l'Esport"
"0196";"Pl.";"de";"Salvador Espriu";"Plaça de Salvador Espriu"
"0197";"C.";"de";"Damià Estela i Molinet";"Carrer de Damià Estela i Molinet"
"0198";"Pl.";"d'";"Europa";"Plaça d'Europa"
"0199";"C.";"de l'";"Everest";"Carrer de l'Everest"
"0200";"Trv.";"de la";"Fàbrica";"Travessia de la Fàbrica"
"0201";"C.";"de";"Falgàs";"Carrer de Falgàs"
"0202";"C.";"del";"Far";"Carrer del Far"
"0203";"Ptge.";"del";"Far";"Passatge del Far"
"0204";"Ptge.";"de la";"Farigola";"Passatge de la Farigola"
"0205";"C.";"de la";"Ferradura";"Carrer de la Ferradura"
"0206";"C.";"de";"Ferran Agulló i Vidal";"Carrer de Ferran Agulló i Vidal"
"0207";"C.";"de";"Ferran el Catòlic";"Carrer de Ferran el Catòlic"
"0209";"Rda.";"de";"Ferran Puig";"Ronda de Ferran Puig"
"0210";"C.";"de";"R. Ferràndiz i M. Bellés";"Carrer de R. Ferràndiz i M. Bellés"
"0211";"C.";"de les";"Ferreries Velles";"Carrer de les Ferreries Velles"
"0212";"C.";"de";"Figuerola";"Carrer de Figuerola"
"0213";"C.";"de";"Finestrelles";"Carrer de Finestrelles"
"0214";"C.";"del";"Riu Fluvià";"Carrer del Riu Fluvià"
"0215";"Camí";"de la";"Font de l'Abat";"Camí de la Font de l'Abat"
"0216";"Ptge.";"de la";"Font de l'Abella";"Passatge de la Font de l'Abella"
"0217";"C.";"de la";"Font";"Carrer de la Font"
"0218";"C.";"de la";"Font de la Lluna";"Carrer de la Font de la Lluna"
"0219";"Av.";"de la";"Font de la Pólvora";"Avinguda de la Font de la Pólvora"
"0220";"Bda.";"de la";"Font del Bisbe";"Baixada de la Font del Bisbe"
"0221";"C.";"de la";"Font del Rei";"Carrer de la Font del Rei"
"0223";"C.";"de";"Fontanilles";"Carrer de Fontanilles"
"0224";"C.";"de";"Fontajau";"Carrer de Fontajau"
"0225";"C.";"de la";"Força";"Carrer de la Força"
"0226";"Rda.";"del";"Fort Roig";"Ronda del Fort Roig"
"0227";"Av.";"de";"França";"Avinguda de França"
"0228";"C.";"de";"Francesc Artau";"Carrer de Francesc Artau"
"0229";"C.";"de";"Francesc de Ciurana i Hernández";"Carrer de Francesc de Ciurana i Hernández"
"0230";"C.";"de";"Doctor Francesc Coll i Turbau";"Carrer de Doctor Francesc Coll i Turbau"
"0231";"C.";"de";"Francesc Estival i Cisa";"Carrer de Francesc Estival i Cisa"
"0232";"C.";"de";"Francesc Macià";"Carrer de Francesc Macià"
"0233";"C.";"de";"Francesc Mateu";"Carrer de Francesc Mateu"
"0234";"C.";"de";"Francesc Rogés";"Carrer de Francesc Rogés"
"0235";"C.";"de";"Francesc Romaguera";"Carrer de Francesc Romaguera"
"0236";"C.";"de";"Francesc Samsó";"Carrer de Francesc Samsó"
"0237";"C.";"del";"Riu Freser";"Carrer del Riu Freser"
"0238";"C.";"de";"Galícia";"Carrer de Galícia"
"0239";"C.";"del";"Riu Galligants";"Carrer del Riu Galligants"
"0240";"C.";"de";"Federico García Lorca";"Carrer de Federico García Lorca"
"0241";"C.";"de la";"Riera Garrap";"Carrer de la Riera Garrap"
"0242";"C.";"de la";"Garrotxa";"Carrer de la Garrotxa"
"0243";"C.";"de";"Doctor Gaspar Casal";"Carrer de Doctor Gaspar Casal"
"0244";"C.";"de les";"Gavarres";"Carrer de les Gavarres"
"0245";"Pl.";"de";"Camil Geis";"Plaça de Camil Geis"
"0246";"C.";"del";"General Fournàs";"Carrer del General Fournàs"
"0247";"Pl.";"del";"General Marvà";"Plaça del General Marvà"
"0248";"Pg.";"del";"General Mendoza";"Passeig del General Mendoza"
"0249";"C.";"del";"General O'Donnell";"Carrer del General O'Donnell"
"0250";"Pg.";"del";"General Peralta";"Passeig del General Peralta"
"0251";"Grup";"-";"Germans Sàbat";"Grup Germans Sàbat"
"0252";"Pl.";"dels";"Germans Sàbat";"Plaça dels Germans Sàbat"
"0253";"C.";"dels";"Ginesta";"Carrer dels Ginesta"
"0254";"C.";"de";"Ricard Giralt i Casadesús";"Carrer de Ricard Giralt i Casadesús"
"0256";"Grup";"-";"Girona per Girona";"Grup Girona per Girona"
"0257";"Ptge.";"de";"Miquel Gómez";"Passatge de Miquel Gómez"
"0259";"C.";"de";"Gran Canària";"Carrer de Gran Canària"
"0260";"G.Via";"de";"Jaume I";"Gran Via de Jaume I"
"0261";"C.";"del";"Riu Guadiana";"Carrer del Riu Guadiana"
"0262";"C.";"del";"Riu Güell";"Carrer del Riu Güell"
"0263";"Pl.";"del";"Riu Güell";"Plaça del Riu Güell"
"0264";"C.";"de";"Guillem Colteller";"Carrer de Guillem Colteller"
"0265";"C.";"de les";"Guilleries";"Carrer de les Guilleries"
"0266";"C.";"de";"Guipúscoa";"Carrer de Guipúscoa"
"0267";"C.";"de";"Miguel Hernández";"Carrer de Miguel Hernández"
"0268";"C.";"de les";"Heroïnes de Santa Bàrbara";"Carrer de les Heroïnes de Santa Bàrbara"
"0269";"C.";"de l'";"Himàlaia";"Carrer de l'Himàlaia"
"0270";"Av.";"de la";"Hispanitat";"Avinguda de la Hispanitat"
"0271";"C.";"de l'";"Hortènsia";"Carrer de l'Hortènsia"
"0272";"C.";"de les";"Hortes";"Carrer de les Hortes"
"0273";"Dis.";"de les";"Hortes";"Disseminat de les Hortes"
"0274";"Pl.";"de l'";"Hospital";"Plaça de l'Hospital"
"0275";"C.";"de l'";"Hostal Nou";"Carrer de l'Hostal Nou"
"0276";"C.";"d'";"Ibèria";"Carrer d'Ibèria"
"0277";"C.";"d'";"Ignasi Iglésias";"Carrer d'Ignasi Iglésias"
"0278";"C.";"de l'";"Illa";"Carrer de l'Illa"
"0279";"C.";"de l'";"Illa de Cabrera";"Carrer de l'Illa de Cabrera"
"0280";"C.";"de l'";"Illa de Formentera";"Carrer de l'Illa de Formentera"
"0281";"C.";"de l'";"Illa de La Gomera";"Carrer de l'Illa de La Gomera"
"0282";"C.";"de l'";"Illa de La Palma";"Carrer de l'Illa de La Palma"
"0283";"C.";"de les";"Illes Filipines";"Carrer de les Illes Filipines"
"0284";"C.";"de les";"Illes Formigues";"Carrer de les Illes Formigues"
"0285";"C.";"de l'";"Illa de Fuerteventura";"Carrer de l'Illa de Fuerteventura"
"0286";"C.";"de les";"Illes Medes";"Carrer de les Illes Medes"
"0287";"C.";"dels";"Impressors Bro";"Carrer dels Impressors Bro"
"0288";"C.";"dels";"Impressors Oliva";"Carrer dels Impressors Oliva"
"0289";"Pl.";"de la";"Independència";"Plaça de la Independència"
"0290";"Plta.";"de l'";"Institut Vell";"Placeta de l'Institut Vell"
"0291";"C.";"d'";"Isabel la Catòlica";"Carrer d'Isabel la Catòlica"
"0292";"Jdins.";"dels";"Germans Maristes";"Jardins dels Germans Maristes"
"0293";"Pl.";"de";"Jaume Vicens i Vives";"Plaça de Jaume Vicens i Vives"
"0294";"C.";"de";"Joan Alsina i Hurtós";"Carrer de Joan Alsina i Hurtós"
"0295";"C.";"de";"Joan Bruguera";"Carrer de Joan Bruguera"
"0296";"C.";"de";"Joan Maragall";"Carrer de Joan Maragall"
"0297";"C.";"de";"Joan Planas i Castañer";"Carrer de Joan Planas i Castañer"
"0298";"C.";"de";"Joan Reglà";"Carrer de Joan Reglà"
"0299";"C.";"de";"Joan Tarrús i Bru";"Carrer de Joan Tarrús i Bru"
"0300";"C.";"de";"Joan Torró i Cabratosa";"Carrer de Joan Torró i Cabratosa"
"0301";"Plta.";"de";"Joana de Jugan";"Placeta de Joana de Jugan"
"0302";"C.";"de";"Joaquim Botet i Sisó";"Carrer de Joaquim Botet i Sisó"
"0303";"C.";"de";"Joaquim Ruyra i Oms";"Carrer de Joaquim Ruyra i Oms"
"0304";"C.";"de";"Joaquim Vayreda";"Carrer de Joaquim Vayreda"
"0305";"C.";"de la";"Joeria Petita";"Carrer de la Joeria Petita"
"0306";"Pl.";"de";"Jordi de Sant Jordi";"Plaça de Jordi de Sant Jordi"
"0307";"C.";"de";"Josep Clarà i Ayats";"Carrer de Josep Clarà i Ayats"
"0308";"Pl.";"de";"Josep Irla i Bosch";"Plaça de Josep Irla i Bosch"
"0309";"C.";"de";"Josep Maria Gironella i Pous";"Carrer de Josep Maria Gironella i Pous"
"0310";"C.";"de";"Josep Morató i Grau";"Carrer de Josep Morató i Grau"
"0311";"C.";"de";"Josep Maria Prat i Roca";"Carrer de Josep Maria Prat i Roca"
"0312";"Pl.";"de";"Josep Pallach i Carolà";"Plaça de Josep Pallach i Carolà"
"0313";"Pl.";"de";"Josep Pla";"Plaça de Josep Pla"
"0314";"Av.";"de";"Josep Tarradellas i Joan";"Avinguda de Josep Tarradellas i Joan"
"0315";"C.";"de";"Josep Tharrats";"Carrer de Josep Tharrats"
"0316";"C.";"de";"Josep Viader i Moliner";"Carrer de Josep Viader i Moliner"
"0317";"C.";"de";"Juli Garreta";"Carrer de Juli Garreta"
"0318";"C.";"de";"Julià de Bolívar";"Carrer de Julià de Bolívar"
"0319";"C.";"de";"Julià de Chia";"Carrer de Julià de Chia"
"0320";"Pl.";"dels";"Jurats";"Plaça dels Jurats"
"0321";"C.";"de l'";"Albera";"Carrer de l'Albera"
"0322";"Av.";"de l'";"Amical Mauthausen";"Avinguda de l'Amical Mauthausen"
"0324";"C.";"de";"Laureà Dalmau i Pla";"Carrer de Laureà Dalmau i Pla"
"0325";"C.";"de";"Lepant";"Carrer de Lepant"
"0326";"Pl.";"dels";"Lledoners";"Plaça dels Lledoners"
"0327";"C.";"de la";"Llebre";"Carrer de la Llebre"
"0328";"C.";"de";"Lleida";"Carrer de Lleida"
"0330";"Rbla.";"de la";"Llibertat";"Rambla de la Llibertat"
"0331";"C.";"del";"Riu Llierca";"Carrer del Riu Llierca"
"0332";"Pl.";"del";"Llimoner";"Plaça del Llimoner"
"0333";"Pl.";"de";"Lluís Companys";"Plaça de Lluís Companys"
"0334";"Av.";"de";"Lluís Pericot";"Avinguda de Lluís Pericot"
"0335";"C.";"de";"Lluís Antoni Santaló i Sors";"Carrer de Lluís Antoni Santaló i Sors"
"0336";"C.";"de";"Félix Lope de Vega";"Carrer de Félix Lope de Vega"
"0337";"C.";"de la";"Mare de Déu de Fàtima";"Carrer de la Mare de Déu de Fàtima"
"0338";"C.";"de la";"Mare de Déu de la Salut";"Carrer de la Mare de Déu de la Salut"
"0339";"C.";"de la";"Mare de Déu de Loreto";"Carrer de la Mare de Déu de Loreto"
"0340";"Pl.";"de la";"Mare de Déu de Montserrat";"Plaça de la Mare de Déu de Montserrat"
"0341";"C.";"de la";"Mare de Déu de Núria";"Carrer de la Mare de Déu de Núria"
"0342";"C.";"de la";"Mare de Déu de Rocacorba";"Carrer de la Mare de Déu de Rocacorba"
"0343";"C.";"de la";"Mare de Déu del Collell";"Carrer de la Mare de Déu del Collell"
"0344";"C.";"de la";"Mare de Déu del Mont";"Carrer de la Mare de Déu del Mont"
"0345";"C.";"de la";"Mare de Déu del Pilar";"Carrer de la Mare de Déu del Pilar"
"0346";"C.";"de la";"Mare de Déu del Remei";"Carrer de la Mare de Déu del Remei"
"0347";"C.";"de la";"Mare de Déu dels Àngels";"Carrer de la Mare de Déu dels Àngels"
"0348";"Pl.";"de";"Madrid";"Plaça de Madrid"
"0349";"C.";"de l'";"Illa de Mallorca";"Carrer de l'Illa de Mallorca"
"0350";"C.";"de";"Josep Maluquer i Salvador";"Carrer de Josep Maluquer i Salvador"
"0351";"C.";"dels";"Manaies";"Carrer dels Manaies"
"0352";"C.";"de";"Manel Bonmatí i Romaguera";"Carrer de Manel Bonmatí i Romaguera"
"0353";"Ptge.";"de";"Manel Bonmatí i Romaguera";"Passatge de Manel Bonmatí i Romaguera"
"0354";"C.";"de";"Manel Quer";"Carrer de Manel Quer"
"0355";"C.";"de";"Manel Viñas i Graugés";"Carrer de Manel Viñas i Graugés"
"0356";"C.";"de la";"Marfà";"Carrer de la Marfà"
"0357";"Pl.";"de";"Maria Auxiliadora";"Plaça de Maria Auxiliadora"
"0358";"C.";"del";"Marquès de Caldes de Montbui";"Carrer del Marquès de Caldes de Montbui"
"0359";"Pl.";"del";"Marquès de Camps";"Plaça del Marquès de Camps"
"0360";"C.";"d'";"Àngel Marsà i Beca";"Carrer d'Àngel Marsà i Beca"
"0361";"C.";"del";"Mas Abella";"Carrer del Mas Abella"
"0363";"C.";"del";"Mas Amat";"Carrer del Mas Amat"
"0364";"C.";"del";"Mas Aragai";"Carrer del Mas Aragai"
"0365";"C.";"del";"Mas Barril";"Carrer del Mas Barril"
"0366";"C.";"del";"Mas Carreras";"Carrer del Mas Carreras"
"0367";"C.";"del";"Mas Catofa";"Carrer del Mas Catofa"
"0368";"C.";"del";"Mas Devesa";"Carrer del Mas Devesa"
"0369";"C.";"del";"Mas Figueres";"Carrer del Mas Figueres"
"0370";"C.";"del";"Mas Grau";"Carrer del Mas Grau"
"0371";"C.";"del";"Mas Jardí";"Carrer del Mas Jardí"
"0372";"C.";"del";"Mas Vendrell";"Carrer del Mas Vendrell"
"0373";"C.";"del";"Mas Verd";"Carrer del Mas Verd"
"0374";"Ptge.";"dels";"Massaguer";"Passatge dels Massaguer"
"0375";"C.";"de la";"Maçana";"Carrer de la Maçana"
"0376";"C.";"de la";"Massolet";"Carrer de la Massolet"
"0377";"C.";"-";"Medieval";"Carrer Medieval"
"0378";"C.";"de l'";"Illa de Menorca";"Carrer de l'Illa de Menorca"
"0379";"C.";"dels";"Mercaders";"Carrer dels Mercaders"
"0380";"Pda.";"de la";"Mercè";"Pujada de la Mercè"
"0381";"C.";"dels";"Merlets";"Carrer dels Merlets"
"0382";"C.";"de";"Mestre Dalmau i Carles";"Carrer de Mestre Dalmau i Carles"
"0383";"C.";"de";"Mestre Francesc Civil";"Carrer de Mestre Francesc Civil"
"0384";"C.";"de";"Josep Baró i Güell";"Carrer de Josep Baró i Güell"
"0385";"C.";"de";"Mestre Vicenç Bou";"Carrer de Mestre Vicenç Bou"
"0386";"C.";"del";"Migdia";"Carrer del Migdia"
"0387";"Ptge.";"del";"Migdia";"Passatge del Migdia"
"0388";"C.";"de la";"Mimosa";"Carrer de la Mimosa"
"0389";"C.";"de";"Guillem Minali";"Carrer de Guillem Minali"
"0390";"C.";"de";"Jaume Ministral i Masià";"Carrer de Jaume Ministral i Masià"
"0391";"C.";"de";"Miquel Blay";"Carrer de Miquel Blay"
"0392";"Pl.";"de";"Miquel de Palol";"Plaça de Miquel de Palol"
"0393";"C.";"de";"Miquel Santaló";"Carrer de Miquel Santaló"
"0394";"Pl.";"de";"Miquel Santaló";"Plaça de Miquel Santaló"
"0395";"C.";"de la";"Modeguera Gran";"Carrer de la Modeguera Gran"
"0396";"C.";"de la";"Sèquia Monar";"Carrer de la Sèquia Monar"
"0397";"C.";"de les";"Monges";"Carrer de les Monges"
"0399";"C.";"de";"Montbó";"Carrer de Montbó"
"0400";"C.";"del";"Montcalm";"Carrer del Montcalm"
"0401";"C.";"del";"Montfalgars";"Carrer del Montfalgars"
"0402";"Av.";"de";"Montilivi";"Avinguda de Montilivi"
"0403";"Dis.";"de";"Montilivi";"Disseminat de Montilivi"
"0404";"Grup";"-";"La Creueta";"Grup La Creueta"
"0405";"C.";"de";"Montjovi";"Carrer de Montjovi"
"0406";"C.";"de";"Montjuïc";"Carrer de Montjuïc"
"0408";"C.";"del";"Montnegre";"Carrer del Montnegre"
"0409";"C.";"de";"Montori";"Carrer de Montori"
"0410";"C.";"de";"Mariano Montorro";"Carrer de Mariano Montorro"
"0411";"C.";"del";"Montseny";"Carrer del Montseny"
"0412";"C.";"d'en";"Mora";"Carrer d'en Mora"
"0413";"C.";"de les";"Mosques";"Carrer de les Mosques"
"0414";"C.";"de";"Mossèn Baldiri Reixac";"Carrer de Mossèn Baldiri Reixac"
"0415";"Ptge.";"de";"Mossèn Pere Rabat";"Passatge de Mossèn Pere Rabat"
"0416";"C.";"del";"Riu Muga";"Carrer del Riu Muga"
"0417";"C.";"de la";"Muntanya";"Carrer de la Muntanya"
"0418";"C.";"de la";"Muralla";"Carrer de la Muralla"
"0419";"C.";"de";"Narcís Blanch i Illa";"Carrer de Narcís Blanch i Illa"
"0420";"Pl.";"de";"Narcís Figueras";"Plaça de Narcís Figueras"
"0421";"C.";"de";"Narcís Monturiol";"Carrer de Narcís Monturiol"
"0422";"C.";"de";"Narcís Xifra i Masmitjà";"Carrer de Narcís Xifra i Masmitjà"
"0423";"C.";"de la";"Neu";"Carrer de la Neu"
"0424";"C.";"d'";"Alfred Nobel";"Carrer d'Alfred Nobel"
"0425";"C.";"del";"Noguer";"Carrer del Noguer"
"0426";"C.";"del";"Nord";"Carrer del Nord"
"0427";"C.";"-";"Nou";"Carrer Nou"
"0428";"C.";"-";"Nou del Teatre";"Carrer Nou del Teatre"
"0429";"C.";"de l'";"Obra";"Carrer de l'Obra"
"0430";"Pl.";"de l'";"Oli";"Plaça de l'Oli"
"0431";"C.";"de";"Miquel Oliva i Prat";"Carrer de Miquel Oliva i Prat"
"0432";"C.";"de l'";"Olivera";"Carrer de l'Olivera"
"0433";"C.";"de les";"Olles";"Carrer de les Olles"
"0434";"Pg.";"d'";"Olot";"Passeig d'Olot"
"0435";"Pl.";"de l'";"Om";"Plaça de l'Om"
"0436";"C.";"del";"Riu Onyar";"Carrer del Riu Onyar"
"0437";"C.";"d'";"Orient";"Carrer d'Orient"
"0438";"C.";"d'";"Oviedo";"Carrer d'Oviedo"
"0439";"Pl.";"dels";"Països Catalans";"Plaça dels Països Catalans"
"0440";"C.";"de";"Palafrugell";"Carrer de Palafrugell"
"0441";"C.";"de";"Palamós";"Carrer de Palamós"
"0442";"Pl.";"de";"Palau";"Plaça de Palau"
"0444";"Camí";"del";"Palco dels Sastres";"Camí del Palco dels Sastres"
"0445";"C.";"de";"Pamplona";"Carrer de Pamplona"
"0446";"C.";"del";"Pare Coll";"Carrer del Pare Coll"
"0447";"C.";"de";"Francesc Palau i Quer";"Carrer de Francesc Palau i Quer"
"0448";"C.";"de";"Josep Pascual i Prats";"Carrer de Josep Pascual i Prats"
"0449";"C.";"de";"Pau Casals";"Carrer de Pau Casals"
"0450";"C.";"de";"Pau Miranda";"Carrer de Pau Miranda"
"0451";"C.";"del";"Pedraforca";"Carrer del Pedraforca"
"0452";"Pda.";"de les";"Pedreres";"Pujada de les Pedreres"
"0453";"Jdins.";"de les";"Pedreres";"Jardins de les Pedreres"
"0454";"C.";"de";"Pedret";"Carrer de Pedret"
"0455";"Rda.";"de";"Pedret";"Ronda de Pedret"
"0456";"Rda.";"de";"Peius Pascual i Carbó";"Ronda de Peius Pascual i Carbó"
"0457";"C.";"de les";"Peixateries Velles";"Carrer de les Peixateries Velles"
"0458";"C.";"de";"Pep Colomer i Martí";"Carrer de Pep Colomer i Martí"
"0459";"C.";"de";"Pere Compte";"Carrer de Pere Compte"
"0460";"C.";"de";"Pere de Palol";"Carrer de Pere de Palol"
"0461";"C.";"de";"Pere Matas";"Carrer de Pere Matas"
"0462";"C.";"de";"Pere de Rocabertí";"Carrer de Pere de Rocabertí"
"0463";"C.";"del";"Perill";"Carrer del Perill"
"0464";"C.";"del";"Pic de la Dona";"Carrer del Pic de la Dona"
"0465";"C.";"de la";"Pica d'Estats";"Carrer de la Pica d'Estats"
"0466";"C.";"de la";"Pineda";"Carrer de la Pineda"
"0467";"C.";"del";"Pirineu";"Carrer del Pirineu"
"0468";"C.";"del";"Pla Guillem";"Carrer del Pla Guillem"
"0469";"C.";"de";"Joaquim Pla i Cargol";"Carrer de Joaquim Pla i Cargol"
"0471";"C.";"de la";"Planura";"Carrer de la Planura"
"0472";"Pl.";"del";"Poeta Marquina";"Plaça del Poeta Marquina"
"0473";"Pda.";"dels";"Polvorins";"Pujada dels Polvorins"
"0474";"Pl.";"de";"Pompeu Fabra";"Plaça de Pompeu Fabra"
"0475";"C.";"de";"Jaume Pons i Martí";"Carrer de Jaume Pons i Martí"
"0476";"C.";"del";"Pont de la Barca";"Carrer del Pont de la Barca"
"0477";"Pda.";"del";"Pont de Pedra";"Pujada del Pont de Pedra"
"0478";"C.";"del";"Pont Major";"Carrer del Pont Major"
"0479";"Dis.";"de";"Pont Major";"Disseminat de Pont Major"
"0480";"Grup";"-";"Pont Major";"Grup Pont Major"
"0481";"C.";"de";"Portlligat";"Carrer de Portlligat"
"0482";"C.";"del";"Portal de França";"Carrer del Portal de França"
"0483";"C.";"del";"Portal de la Barca";"Carrer del Portal de la Barca"
"0484";"C.";"del";"Portal Nou";"Carrer del Portal Nou"
"0485";"Trv.";"del";"Portal Nou";"Travessia del Portal Nou"
"0486";"C.";"del";"Porvenir";"Carrer del Porvenir"
"0487";"C.";"del";"Pou de la Torre";"Carrer del Pou de la Torre"
"0488";"C.";"del";"Pou Rodó";"Carrer del Pou Rodó"
"0489";"Esc.";"d'";"Onofre Pou";"Escales d'Onofre Pou"
"0490";"C.";"d'";"Enric Prat de la Riba";"Carrer d'Enric Prat de la Riba"
"0491";"C.";"de la";"Premsa";"Carrer de la Premsa"
"0492";"Pda.";"del";"Primer de Maig";"Pujada del Primer de Maig"
"0493";"C.";"del";"Príncep";"Carrer del Príncep"
"0494";"C.";"del";"Progrés";"Carrer del Progrés"
"0495";"Pl.";"de";"Prudenci Bertrana";"Plaça de Prudenci Bertrana"
"0496";"C.";"del";"Pruner";"Carrer del Pruner"
"0497";"C.";"del";"Puig d'Adri";"Carrer del Puig d'Adri"
"0498";"C.";"del";"Puig d'Àguiles";"Carrer del Puig d'Àguiles"
"0499";"C.";"del";"Puig de Montilivi";"Carrer del Puig de Montilivi"
"0500";"C.";"del";"Puigpedrós";"Carrer del Puigpedrós"
"0502";"C.";"del";"Puigmal";"Carrer del Puigmal"
"0503";"C.";"del";"Puigneulós";"Carrer del Puigneulós"
"0504";"Ptge.";"del";"Puigneulós";"Passatge del Puigneulós"
"0505";"C.";"del";"Puigsacalm";"Carrer del Puigsacalm"
"0506";"Pl.";"del";"Puigvistós";"Plaça del Puigvistós"
"0507";"C.";"de la";"Punta del Pi";"Carrer de la Punta del Pi"
"0509";"Pl.";"dels";"Raïms";"Plaça dels Raïms"
"0510";"C.";"dels";"Rajolers";"Carrer dels Rajolers"
"0511";"Av.";"de";"Ramon Folch";"Avinguda de Ramon Folch"
"0512";"C.";"de";"Ramon Muntaner";"Carrer de Ramon Muntaner"
"0513";"C.";"de";"Ramon Turró";"Carrer de Ramon Turró"
"0514";"C.";"de";"Jeroni Real de Fontclara";"Carrer de Jeroni Real de Fontclara"
"0515";"C.";"de";"Reggio Emília";"Carrer de Reggio Emília"
"0516";"C.";"del";"Regiment de Baza";"Carrer del Regiment de Baza"
"0517";"Pda.";"del";"Rei Martí";"Pujada del Rei Martí"
"0518";"Pg.";"de la";"Reina Joana";"Passeig de la Reina Joana"
"0519";"Pl.";"de la";"Reina Sibil·la de Fortià";"Plaça de la Reina Sibil·la de Fortià"
"0520";"C.";"dels";"Remences";"Carrer dels Remences"
"0521";"C.";"de";"Ricard Guinó i Boix";"Carrer de Ricard Guinó i Boix"
"0522";"C.";"del";"Riu Ridaura";"Carrer del Riu Ridaura"
"0523";"C.";"de la";"Riera Bugantó";"Carrer de la Riera Bugantó"
"0524";"C.";"de la";"Riera d'Oix";"Carrer de la Riera d'Oix"
"0525";"C.";"de la";"Riera d'Osor";"Carrer de la Riera d'Osor"
"0526";"C.";"de la";"Riera de Can Camaret";"Carrer de la Riera de Can Camaret"
"0527";"C.";"de la";"Riera de Llémena";"Carrer de la Riera de Llémena"
"0528";"C.";"de la";"Riera de Marroc";"Carrer de la Riera de Marroc"
"0529";"C.";"de la";"Riera de Mus";"Carrer de la Riera de Mus"
"0530";"C.";"de la";"Riera Palagret";"Carrer de la Riera Palagret"
"0531";"C.";"del";"Rierol";"Carrer del Rierol"
"0532";"C.";"de la";"Riera Rimau";"Carrer de la Riera Rimau"
"0533";"Par.";"de la";"Riera Rissec";"Paratge de la Riera Rissec"
"0534";"C.";"del";"Riu Brugent";"Carrer del Riu Brugent"
"0535";"C.";"del";"Riu Cardener";"Carrer del Riu Cardener"
"0537";"C.";"del";"Riu Ser";"Carrer del Riu Ser"
"0538";"C.";"del";"Roc de Frausa";"Carrer del Roc de Frausa"
"0539";"C.";"de";"Roca Colom";"Carrer de Roca Colom"
"0540";"C.";"de";"Jaume Roca i Delpech";"Carrer de Jaume Roca i Delpech"
"0541";"C.";"de";"Narcís Roca i Farreras";"Carrer de Narcís Roca i Farreras"
"0542";"Pl.";"de la";"Rodona";"Plaça de la Rodona"
"0543";"C.";"de";"Joan Gaspar Roig i Jalpí";"Carrer de Joan Gaspar Roig i Jalpí"
"0544";"C.";"de";"Tomàs Roig i Llop";"Carrer de Tomàs Roig i Llop"
"0545";"C.";"de";"Roma";"Carrer de Roma"
"0547";"Ptge.";"del";"Romaní";"Passatge del Romaní"
"0548";"C.";"de";"Romanyà";"Carrer de Romanyà"
"0549";"C.";"de les";"Roques Altes";"Carrer de les Roques Altes"
"0550";"C.";"del";"Ros de Palau";"Carrer del Ros de Palau"
"0551";"C.";"de la";"Rosa";"Carrer de la Rosa"
"0552";"C.";"del";"Rosselló";"Carrer del Rosselló"
"0553";"C.";"del";"Roure";"Carrer del Roure"
"0554";"C.";"d'";"Antoni Rovira i Virgili";"Carrer d'Antoni Rovira i Virgili"
"0555";"Pl.";"de";"Pablo Ruiz Picasso";"Plaça de Pablo Ruiz Picasso"
"0556";"C.";"de la";"Rutlla";"Carrer de la Rutlla"
"0557";"C.";"de";"Sacsimort";"Carrer de Sacsimort"
"0558";"C.";"de";"Sant Agustí";"Carrer de Sant Agustí"
"0559";"C.";"de";"Sant Aniol";"Carrer de Sant Aniol"
"0560";"Rda.";"de";"Sant Antoni Maria Claret";"Ronda de Sant Antoni Maria Claret"
"0561";"C.";"de";"Sant Cristòfor";"Carrer de Sant Cristòfor"
"0562";"C.";"de";"Sant Daniel";"Carrer de Sant Daniel"
"0564";"Pl.";"de";"Sant Domènec";"Plaça de Sant Domènec"
"0565";"Pda.";"de";"Sant Domènec";"Pujada de Sant Domènec"
"0566";"Ctra.";"de";"Sant Feliu";"Carretera de Sant Feliu"
"0567";"Pl.";"de";"Sant Feliu";"Plaça de Sant Feliu"
"0568";"Pda.";"de";"Sant Feliu";"Pujada de Sant Feliu"
"0569";"Av.";"de";"Sant Francesc";"Avinguda de Sant Francesc"
"0570";"C.";"de";"Sant Grau";"Carrer de Sant Grau"
"0571";"C.";"de";"Sant Gregori";"Carrer de Sant Gregori"
"0572";"C.";"de";"Sant Hipòlit";"Carrer de Sant Hipòlit"
"0573";"C.";"de";"Sant Ignasi";"Carrer de Sant Ignasi"
"0574";"C.";"de";"Sant Isidre";"Carrer de Sant Isidre"
"0575";"Pg.";"de";"Sant Joan Bosco";"Passeig de Sant Joan Bosco"
"0576";"C.";"de";"Sant Joan Baptista de La Salle";"Carrer de Sant Joan Baptista de La Salle"
"0577";"C.";"de";"Sant Jordi";"Carrer de Sant Jordi"
"0578";"C.";"de";"Sant Josep";"Carrer de Sant Josep"
"0579";"Pl.";"de";"Sant Josep";"Plaça de Sant Josep"
"0580";"C.";"de";"Sant Llorenç";"Carrer de Sant Llorenç"
"0581";"Pda.";"de";"Sant Martí";"Pujada de Sant Martí"
"0582";"C.";"de";"Sant Medir";"Carrer de Sant Medir"
"0583";"C.";"de";"Sant Miquel";"Carrer de Sant Miquel"
"0585";"Av.";"de";"Sant Narcís";"Avinguda de Sant Narcís"
"0586";"C.";"de";"Sant Pau";"Carrer de Sant Pau"
"0587";"Pl.";"de";"Sant Pere";"Plaça de Sant Pere"
"0588";"Dis.";"de";"Sant Ponç";"Disseminat de Sant Ponç"
"0589";"Pl.";"de";"Sant Ponç";"Plaça de Sant Ponç"
"0590";"C.";"de";"Sant Roc";"Carrer de Sant Roc"
"0591";"C.";"de";"Sant Salvador d'Horta";"Carrer de Sant Salvador d'Horta"
"0592";"C.";"de";"Sant Sebastià";"Carrer de Sant Sebastià"
"0593";"C.";"de";"Santa Clara";"Carrer de Santa Clara"
"0595";"Ctra.";"de";"Santa Coloma";"Carretera de Santa Coloma"
"0596";"C.";"de";"Santa Eugènia";"Carrer de Santa Eugènia"
"0598";"Pl.";"de";"Santa Eugènia";"Plaça de Santa Eugènia"
"0599";"Trv.";"de";"Santa Eugènia";"Travessia de Santa Eugènia"
"0600";"C.";"de";"Santa Llúcia";"Carrer de Santa Llúcia"
"0601";"C.";"de";"Santa Maria";"Carrer de Santa Maria"
"0602";"Pl.";"de";"Santa Susanna";"Plaça de Santa Susanna"
"0603";"C.";"de";"Santander";"Carrer de Santander"
"0604";"C.";"de";"Santiago";"Carrer de Santiago"
"0605";"C.";"de";"Santiago Rusiñol";"Carrer de Santiago Rusiñol"
"0606";"C.";"de";"Santiago Sobrequés i Vidal";"Carrer de Santiago Sobrequés i Vidal"
"0607";"C.";"de";"Saragossa";"Carrer de Saragossa"
"0608";"C.";"de";"Sardenya";"Carrer de Sardenya"
"0609";"C.";"del";"Segle XVI";"Carrer del Segle XVI"
"0610";"C.";"de";"Segòvia";"Carrer de Segòvia"
"0611";"C.";"del";"Riu Segre";"Carrer del Riu Segre"
"0612";"C.";"de la";"Sèquia";"Carrer de la Sèquia"
"0613";"C.";"de la";"Serra Alta";"Carrer de la Serra Alta"
"0614";"C.";"de la";"Serra de Bestracà";"Carrer de la Serra de Bestracà"
"0615";"C.";"de la";"Serra de Finestres";"Carrer de la Serra de Finestres"
"0616";"C.";"de la";"Serra de Vall·lloreda";"Carrer de la Serra de Vall·lloreda"
"0617";"C.";"de les";"Serres";"Carrer de les Serres"
"0619";"C.";"de";"Sicília";"Carrer de Sicília"
"0620";"C.";"de";"Silvestre Santaló";"Carrer de Silvestre Santaló"
"0621";"C.";"del";"Sol";"Carrer del Sol"
"0622";"C.";"de";"Martí Sureda i Deulovol";"Carrer de Martí Sureda i Deulovol"
"0623";"C.";"del";"Taga";"Carrer del Taga"
"0624";"Ctra.";"de";"Taialà";"Carretera de Taialà"
"0625";"Dis.";"de";"Taialà-Germans Sàbat";"Disseminat de Taialà-Germans Sàbat"
"0627";"C.";"del";"Tambor Ansó";"Carrer del Tambor Ansó"
"0628";"C.";"del";"Taquígraf Martí";"Carrer del Taquígraf Martí"
"0629";"C.";"de";"Tarragona";"Carrer de Tarragona"
"0631";"C.";"del";"Teide";"Carrer del Teide"
"0632";"C.";"de l'";"Illa de Tenerife";"Carrer de l'Illa de Tenerife"
"0633";"C.";"del";"Riu Ter";"Carrer del Riu Ter"
"0634";"C.";"del";"Terç de Miquelets";"Carrer del Terç de Miquelets"
"0635";"C.";"del";"Riu Terri";"Carrer del Riu Terri"
"0636";"Pl.";"de";"Tomàs Baraut i Obiols";"Plaça de Tomàs Baraut i Obiols"
"0637";"C.";"de";"Tomàs Mieres";"Carrer de Tomàs Mieres"
"0638";"C.";"del";"Riu Tordera";"Carrer del Riu Tordera"
"0639";"C.";"del";"Torín";"Carrer del Torín"
"0640";"Pda.";"a la";"Torrassa";"Pujada a la Torrassa"
"0641";"Pda.";"de la";"Torre d'Alfons XII";"Pujada de la Torre d'Alfons XII"
"0642";"C.";"de la";"Torre de Sant Lluís";"Carrer de la Torre de Sant Lluís"
"0643";"C.";"de la";"Torre de Sant Narcís";"Carrer de la Torre de Sant Narcís"
"0644";"C.";"de la";"Torre de Taialà";"Carrer de la Torre de Taialà"
"0646";"Cró.";"de la";"Torre dels Socors";"Carreró de la Torre dels Socors"
"0647";"C.";"de la";"Torre Gironella";"Carrer de la Torre Gironella"
"0648";"Grup";"-";"Torre Gironella";"Grup Torre Gironella"
"0649";"C.";"de la";"Torre Malla";"Carrer de la Torre Malla"
"0650";"C.";"de la";"Torre Rafela";"Carrer de la Torre Rafela"
"0652";"C.";"de la";"Torre de Sant Daniel";"Carrer de la Torre de Sant Daniel"
"0653";"C.";"de la";"Torre de Sant Joan";"Carrer de la Torre de Sant Joan"
"0654";"C.";"de la";"Torre Suchet";"Carrer de la Torre Suchet"
"0655";"C.";"del";"Torrent";"Carrer del Torrent"
"0656";"C.";"de les";"Torres de Palau";"Carrer de les Torres de Palau"
"0658";"C.";"de la";"Tosa d'Alp";"Carrer de la Tosa d'Alp"
"0659";"C.";"del";"Tramont";"Carrer del Tramont"
"0660";"C.";"de";"Trasfigueres";"Carrer de Trasfigueres"
"0661";"Pl.";"de les";"Tres Alzines";"Plaça de les Tres Alzines"
"0662";"C.";"dels";"Tres Reis";"Carrer dels Tres Reis"
"0663";"C.";"del";"Tretzevents";"Carrer del Tretzevents"
"0664";"C.";"de";"Troia";"Carrer de Troia"
"0665";"C.";"de";"Josep Trueta i Raspall";"Carrer de Josep Trueta i Raspall"
"0666";"C.";"del";"Turó";"Carrer del Turó"
"0667";"C.";"del";"Turó de Can Ponç";"Carrer del Turó de Can Ponç"
"0668";"C.";"del";"Turó de Morou";"Carrer del Turó de Morou"
"0669";"C.";"del";"Turó Rodó";"Carrer del Turó Rodó"
"0670";"C.";"d'";"Ullastret";"Carrer d'Ullastret"
"0671";"C.";"d'";"Ultònia";"Carrer d'Ultònia"
"0672";"C.";"de la";"Universitat de Cervera";"Carrer de la Universitat de Cervera"
"0673";"C.";"de la";"Universitat de Montpeller";"Carrer de la Universitat de Montpeller"
"0674";"C.";"de l'";"Univers";"Carrer de l'Univers"
"0676";"C.";"de";"València";"Carrer de València"
"0677";"C.";"de";"Valentí Fargnoli";"Carrer de Valentí Fargnoli"
"0678";"C.";"de";"Valladolid";"Carrer de Valladolid"
"0679";"C.";"d'";"Antoni Varés i Martinell";"Carrer d'Antoni Varés i Martinell"
"0680";"C.";"del";"Camí Vell de Fornells";"Carrer del Camí Vell de Fornells"
"0681";"C.";"dels";"Vern";"Carrer dels Vern"
"0682";"C.";"de";"Besadó";"Carrer de Besadó"
"0683";"C.";"del";"Vesuvi";"Carrer del Vesuvi"
"0684";"Pl.";"del";"Vi";"Plaça del Vi"
"0685";"Dis.";"de";"Vila-roja";"Disseminat de Vila-roja"
"0686";"Grup";"-";"Vila-roja";"Grup Vila-roja"
"0687";"C.";"de";"Vista Alegre";"Carrer de Vista Alegre"
"0688";"Pl.";"de les";"Voltes d'en Rosés";"Plaça de les Voltes d'en Rosés"
"0689";"Rbla.";"de";"Xavier Cugat";"Rambla de Xavier Cugat"
"0690";"C.";"de";"Xavier Montsalvatge";"Carrer de Xavier Montsalvatge"
"0691";"C.";"de";"Zamora";"Carrer de Zamora"
"0692";"C.";"dels";"Sarriera";"Carrer dels Sarriera"
"0693";"Pl.";"de";"Miquel Coll i Alentorn";"Plaça de Miquel Coll i Alentorn"
"0694";"Pl.";"-";"Josep Ametller i Viñas";"Plaça Josep Ametller i Viñas"
"0695";"C.";"de";"Castelló de la Plana";"Carrer de Castelló de la Plana"
"0696";"C.";"de l'";"Església de Sant Miquel";"Carrer de l'Església de Sant Miquel"
"0697";"Pl.";"d'";"Enric Claudi Girbal i Nadal";"Plaça d'Enric Claudi Girbal i Nadal"
"0698";"Pl.";"de";"Girona";"Plaça de Girona"
"0699";"Jdins.";"de la";"Riera Gornau";"Jardins de la Riera Gornau"
"0700";"C.";"de";"Jaume Marquès i Casanovas";"Carrer de Jaume Marquès i Casanovas"
"0701";"C.";"de";"Mossèn Joan Pons";"Carrer de Mossèn Joan Pons"
"0703";"Ptge.";"del";"Progrés";"Passatge del Progrés"
"0704";"C.";"de";"Joan Baptista Torroella i Bastons";"Carrer de Joan Baptista Torroella i Bastons"
"0706";"Pl.";"de l'";"Assemblea de Catalunya";"Plaça de l'Assemblea de Catalunya"
"0707";"C.";"de";"Maria Aurèlia Capmany i Farnés";"Carrer de Maria Aurèlia Capmany i Farnés"
"0708";"C.";"de";"Josep Maria Corredor i Pomés";"Carrer de Josep Maria Corredor i Pomés"
"0709";"C.";"de la";"Torre del Cerdà";"Carrer de la Torre del Cerdà"
"0710";"Pl.";"de la";"Torre de Taialà";"Plaça de la Torre de Taialà"
"0711";"Ptge.";"de la";"Torre de Taialà";"Passatge de la Torre de Taialà"
"0712";"Ptge.";"de";"Maria Aurèlia Capmany i Farnés";"Passatge de Maria Aurèlia Capmany i Farnés"
"0713";"Trv.";"de";"Josep Maria Corredor i Pomés";"Travessia de Josep Maria Corredor i Pomés"
"0714";"Ptge.";"de";"Ricard Giralt i Casadesús";"Passatge de Ricard Giralt i Casadesús"
"0715";"C.";"de la";"Universitat de Girona";"Carrer de la Universitat de Girona"
"0716";"C.";"del";"Pic de Peguera";"Carrer del Pic de Peguera"
"0717";"C.";"de";"Salvador Ferrer C. Maura";"Carrer de Salvador Ferrer C. Maura"
"0718";"C.";"de la";"Indústria";"Carrer de la Indústria"
"0719";"Pl.";"de";"Salt";"Plaça de Salt"
"0720";"C.";"de";"Salt";"Carrer de Salt"
"0721";"C.";"de";"Can Pau Birol";"Carrer de Can Pau Birol"
"0722";"C.";"de";"Sarrià de Ter";"Carrer de Sarrià de Ter"
"0723";"C.";"de";"Manuel de Pedrolo";"Carrer de Manuel de Pedrolo"
"0724";"C.";"de la";"Torre Vedruna";"Carrer de la Torre Vedruna"
"0726";"C.";"del";"Camp de la Creu";"Carrer del Camp de la Creu"
"0727";"C.";"del";"Castell de Bellaguarda";"Carrer del Castell de Bellaguarda"
"0728";"C.";"del";"Castell de Montgrí";"Carrer del Castell de Montgrí"
"0729";"C.";"d'";"Osca";"Carrer d'Osca"
"0730";"C.";"de";"Terol";"Carrer de Terol"
"0731";"C.";"dels";"Jocs Olímpics de Barcelona";"Carrer dels Jocs Olímpics de Barcelona"
"0732";"C.";"de";"George Stephenson";"Carrer de George Stephenson"
"0733";"C.";"dels";"Trens Petits";"Carrer dels Trens Petits"
"0734";"Pg.";"de";"Fora Muralla";"Passeig de Fora Muralla"
"0735";"Dis.";"de la";"Font de la Pólvora";"Disseminat de la Font de la Pólvora"
"0736";"C.";"de";"Josep Vicenç Foix i Mas";"Carrer de Josep Vicenç Foix i Mas"
"0737";"C.";"de";"Carles Riba i Bracons";"Carrer de Carles Riba i Bracons"
"0738";"C.";"de";"Montserrat Roig";"Carrer de Montserrat Roig"
"0739";"C.";"de";"Joan Badia i Casañas";"Carrer de Joan Badia i Casañas"
"0740";"C.";"de";"Joaquim Riera i Bertran";"Carrer de Joaquim Riera i Bertran"
"0741";"C.";"de";"Josep Maria Pagès i Vicens";"Carrer de Josep Maria Pagès i Vicens"
"0742";"Ptge.";"de la";"Farinera Teixidor";"Passatge de la Farinera Teixidor"
"0743";"C.";"de";"Joan Masó i Valentí";"Carrer de Joan Masó i Valentí"
"0744";"C.";"de";"Pere III el Cerimoniós";"Carrer de Pere III el Cerimoniós"
"0745";"Pl.";"de";"Josep Ferrater i Mora";"Plaça de Josep Ferrater i Mora"
"0746";"C.";"de";"Joan Miró i Ferrà";"Carrer de Joan Miró i Ferrà"
"0747";"Pl.";"de";"Federico Fellini";"Plaça de Federico Fellini"
"0748";"Pl.";"de";"Joaquim de Camps i Arboix";"Plaça de Joaquim de Camps i Arboix"
"0749";"Pl.";"de";"Fidel Aguilar i Marcó";"Plaça de Fidel Aguilar i Marcó"
"0750";"Pl.";"d'";"Isabel Vila i Pujol";"Plaça d'Isabel Vila i Pujol"
"0751";"Pl.";"de";"Pere Calders";"Plaça de Pere Calders"
"0752";"C.";"d'";"Enric Marquès i Ribalta";"Carrer d'Enric Marquès i Ribalta"
"0753";"Pl.";"de l'";"Aurora";"Plaça de l'Aurora"
"0754";"C.";"de la";"Gerundense";"Carrer de la Gerundense"
"0755";"C.";"d'";"Aiguaviva";"Carrer d'Aiguaviva"
"0756";"Pl.";"de";"Mela Mutermilch";"Plaça de Mela Mutermilch"
"0757";"C.";"de";"Joan Maria Pou i Camps";"Carrer de Joan Maria Pou i Camps"
"0758";"C.";"de";"Ferran Soldevila";"Carrer de Ferran Soldevila"
"0759";"C.";"de";"Pierre Vilar";"Carrer de Pierre Vilar"
"0760";"Ptge.";"d'";"Emili Blanch i Roig";"Passatge d'Emili Blanch i Roig"
"0761";"Pont";"de";"Tomás de Lorenzana";"Pont de Tomás de Lorenzana"
"0762";"C.";"de";"Mas Ramada";"Carrer de Mas Ramada"
"0763";"Ptge.";"de";"Maria Gay i Tibau";"Passatge de Maria Gay i Tibau"
"0764";"Pl.";"de";"Mossèn Josep Iglésias";"Plaça de Mossèn Josep Iglésias"
"0765";"C.";"d'";"Oriol Martorell i Codina";"Carrer d'Oriol Martorell i Codina"
"0766";"Pont";"de";"Sant Feliu";"Pont de Sant Feliu"
"0767";"C.";"de";"Mercè Rodoreda";"Carrer de Mercè Rodoreda"
"0768";"C.";"de";"Mossèn Ferran Forns i Navarro";"Carrer de Mossèn Ferran Forns i Navarro"
"0769";"C.";"de l'";"Estudi General de Girona";"Carrer de l'Estudi General de Girona"
"0770";"C.";"de";"Joaquim Maria Masramon i de Ventós";"Carrer de Joaquim Maria Masramon i de Ventós"
"0771";"Pl.";"de";"Rafael Alberti";"Plaça de Rafael Alberti"
"0772";"Pg.";"de";"Ramon Berenguer II, ""Cap d'Estopes""";"Passeig de Ramon Berenguer II, ""Cap d'Estopes"""
"0774";"C.";"de";"Joan Roca i Pinet";"Carrer de Joan Roca i Pinet"
"0775";"C.";"del";"Camp de Mart";"Carrer del Camp de Mart"
"0776";"C.";"de";"Just Manuel Casero i Madrid";"Carrer de Just Manuel Casero i Madrid"
"0777";"Pl.";"de";"Rafael Casanova i Comes";"Plaça de Rafael Casanova i Comes"
"0778";"C.";"de";"Joan Coromines i Vigneaux";"Carrer de Joan Coromines i Vigneaux"
"0779";"Pl.";"de la";"Ciutat de Figueres";"Plaça de la Ciutat de Figueres"
"0780";"C.";"del";"Sac";"Carrer del Sac"
"0781";"Pl.";"de la";"Vila de Perpinyà";"Plaça de la Vila de Perpinyà"
"0782";"C.";"de";"Vitòria-Gasteiz";"Carrer de Vitòria-Gasteiz"
"0783";"Ptge.";"de";"Francesc Pi i Margall";"Passatge de Francesc Pi i Margall"
"0784";"C.";"dels";"Germans Lumière";"Carrer dels Germans Lumière"
"0785";"C.";"d'";"Aurora Bertrana i Salazar";"Carrer d'Aurora Bertrana i Salazar"
"0786";"C.";"de";"Fructuós Gelabert i Badiella";"Carrer de Fructuós Gelabert i Badiella"
"0787";"C.";"de";"Georges Méliès";"Carrer de Georges Méliès"
"0788";"Rot.";"de la";"Creu de Palau";"Rotonda de la Creu de Palau"
"0790";"Rot.";"de";"Reggio Emília";"Rotonda de Reggio Emília"
"0791";"Rot.";"del";"Mas Gri";"Rotonda del Mas Gri"
"0792";"Rot.";"de la";"Riera de Mus";"Rotonda de la Riera de Mus"
"0793";"Rot.";"de";"Santa Coloma de Farners";"Rotonda de Santa Coloma de Farners"
"0794";"Rot.";"de";"Montilivi";"Rotonda de Montilivi"
"0795";"Rot.";"de";"Lluís Pericot";"Rotonda de Lluís Pericot"
"0796";"Rot.";"de";"Fontajau";"Rotonda de Fontajau"
"0797";"Rot.";"de";"Taialà";"Rotonda de Taialà"
"0798";"Rot.";"de";"Josep Tarradellas i Joan";"Rotonda de Josep Tarradellas i Joan"
"0799";"Rot.";"del";"Pont de Pedret";"Rotonda del Pont de Pedret"
"0800";"Rot.";"del";"Rellotge";"Rotonda del Rellotge"
"0801";"Rot.";"de";"Domeny";"Rotonda de Domeny"
"0802";"C.";"de";"Susqueda";"Carrer de Susqueda"
"0803";"C.";"de";"Joan Salvat- Papasseit";"Carrer de Joan Salvat- Papasseit"
"0804";"C.";"de";"Joan Oliver i Sallarès, ""Pere Quart""";"Carrer de Joan Oliver i Sallarès, ""Pere Quart"""
"0805";"C.";"de";"Bescanó";"Carrer de Bescanó"
"0806";"C.";"de";"Ginestar";"Carrer de Ginestar"
"0807";"C.";"de";"Llorà";"Carrer de Llorà"
"0808";"C.";"de";"Canet d'Adri";"Carrer de Canet d'Adri"
"0809";"C.";"d'";"Adri";"Carrer d'Adri"
"0810";"C.";"de";"Cartellà";"Carrer de Cartellà"
"0811";"Pg.";"de";"Josep Carner i Puig-Oriol";"Passeig de Josep Carner i Puig-Oriol"
"0812";"C.";"de";"Lola Anglada i Sarriera";"Carrer de Lola Anglada i Sarriera"
"0813";"C.";"de";"Frederica Montseny i Mañé";"Carrer de Frederica Montseny i Mañé"
"0814";"C.";"de";"Palol d'Onyar";"Carrer de Palol d'Onyar"
"0815";"Pl.";"de";"Jacint Verdaguer i Santaló";"Plaça de Jacint Verdaguer i Santaló"
"0816";"Pl.";"de";"Domènec Fita i Molat";"Plaça de Domènec Fita i Molat"
"0817";"Camí";"de l'";"Escola de Montjuïc";"Camí de l'Escola de Montjuïc"
"0818";"Mir.";"d'";"Agustí Pera i Planells";"Mirador d'Agustí Pera i Planells"
"0819";"Ptge.";"de la";"Vall Umbrosa";"Passatge de la Vall Umbrosa"
"0820";"Ptge.";"dels";"Fossats";"Passatge dels Fossats"
"0821";"Ptge.";"del";"Glacis";"Passatge del Glacis"
"0822";"Ptge.";"de la";"Riera de Can Punxa";"Passatge de la Riera de Can Punxa"
"0823";"Ptge.";"de la";"Muntanya de Can Simon";"Passatge de la Muntanya de Can Simon"
"0824";"Ptge.";"del";"Puig Aulet";"Passatge del Puig Aulet"
"0825";"Ptge.";"del";"Puig Estela";"Passatge del Puig Estela"
"0826";"C.";"de";"Manuel Cazurro i Ruiz";"Carrer de Manuel Cazurro i Ruiz"
"0827";"Pl.";"de";"Fra Ignasi Barnoya i Oms";"Plaça de Fra Ignasi Barnoya i Oms"
"0828";"Bda.";"de la";"Font del Canó";"Baixada de la Font del Canó"
"0830";"Pl.";"de";"Joan Brossa";"Plaça de Joan Brossa"
"0831";"C.";"d'";"Antònia Adroher i Pascual";"Carrer d'Antònia Adroher i Pascual"
"0832";"Parc";"de la";"Comtessa Ermessenda";"Parc de la Comtessa Ermessenda"
"0833";"Pl.";"d'";"Empúries";"Plaça d'Empúries"
"0834";"C.";"de";"Salvador Dabau i Caussà";"Carrer de Salvador Dabau i Caussà"
"0835";"C.";"de";"Tomàs Carreras i Artau";"Carrer de Tomàs Carreras i Artau"
"0836";"Pg.";"de";"Santa Eugènia";"Passeig de Santa Eugènia"
"0837";"Ptge.";"dels";"Picapedrers";"Passatge dels Picapedrers"
"0838";"Pl.";"dels";"Mercaders";"Plaça dels Mercaders"
"0840";"Pl.";"del";"Pallol";"Plaça del Pallol"
"0841";"Dis.";"de";"Sant Daniel";"Disseminat de Sant Daniel"
"0842";"C.";"de";"Joan Josep Tharrats i Vidal";"Carrer de Joan Josep Tharrats i Vidal"
"0843";"Rbla.";"de";"Tete Montoliu";"Rambla de Tete Montoliu"
"0844";"C.";"de";"Maria Àngels Anglada i d'Abadal";"Carrer de Maria Àngels Anglada i d'Abadal"
"0845";"C.";"de";"Ramon Llull";"Carrer de Ramon Llull"
"0846";"C.";"d'";"Àngel Serradell i Pérez";"Carrer d'Àngel Serradell i Pérez"
"0847";"C.";"de";"Palau-sacosta";"Carrer de Palau-sacosta"
"0848";"C.";"de";"Josep Bosch i Puy, ""Piculives""";"Carrer de Josep Bosch i Puy, ""Piculives"""
"0849";"Plta.";"de";"Pere Sacoma";"Placeta de Pere Sacoma"
"0850";"Rot.";"de la";"Devesa";"Rotonda de la Devesa"
"0851";"C.";"de";"Pau Vila i Dinarès";"Carrer de Pau Vila i Dinarès"
"0852";"C.";"d'";"Antoni Gaudí i Cornet";"Carrer d'Antoni Gaudí i Cornet"
"0853";"C.";"de";"Joan Viñas i Bona";"Carrer de Joan Viñas i Bona"
"0854";"C.";"de";"Santiago Coquard i Sala";"Carrer de Santiago Coquard i Sala"
"0855";"C.";"de";"Josep Maria Pons i Guri";"Carrer de Josep Maria Pons i Guri"
"0856";"C.";"de";"Josepa Arnall i Juan";"Carrer de Josepa Arnall i Juan"
"0857";"C.";"de";"Josep Canal i Roquet";"Carrer de Josep Canal i Roquet"
"0858";"C.";"d'";"Emília Xargay i Pagès";"Carrer d'Emília Xargay i Pagès"
"0859";"C.";"d'";"Avel·lí Artís i Gener, ""Tísner""";"Carrer d'Avel·lí Artís i Gener, ""Tísner"""
"0860";"Pl.";"de";"George Orwell";"Plaça de George Orwell"
"0861";"Jdins.";"de la";"Font del Bou";"Jardins de la Font del Bou"
"0862";"C.";"de";"Can Benet del Riu";"Carrer de Can Benet del Riu"
"0863";"Jdins.";"de";"Joan Fuster i Ortells";"Jardins de Joan Fuster i Ortells"
"0864";"Jdins.";"d'";"Eusebi Colomer i Pous";"Jardins d'Eusebi Colomer i Pous"
"0865";"Pl.";"de";"Miquel Martí i Pol";"Plaça de Miquel Martí i Pol"
"0866";"Ptge.";"del";"Riu Onyar";"Passatge del Riu Onyar"
"0867";"Rot.";"de";"Fornells de la Selva";"Rotonda de Fornells de la Selva"
"0868";"C.";"de";"Maria Assumpció Soler i Font";"Carrer de Maria Assumpció Soler i Font"
"0869";"C.";"de l'";"Aurora";"Carrer de l'Aurora"
"0870";"C.";"de";"Montserrat Llonch i Gimbernat";"Carrer de Montserrat Llonch i Gimbernat"
"0871";"C.";"de";"Maria Castanyer i Figueras";"Carrer de Maria Castanyer i Figueras"
"0872";"C.";"de";"Matilde Alis i Clopés";"Carrer de Matilde Alis i Clopés"
"0873";"Rot.";"del";"Riu Güell";"Rotonda del Riu Güell"
"0874";"C.";"del";"Poble Sahrauí";"Carrer del Poble Sahrauí"
"0875";"C.";"de";"Jaume Faixó i Fusellas";"Carrer de Jaume Faixó i Fusellas"
"0876";"C.";"de";"Carles Vivó i Siqués";"Carrer de Carles Vivó i Siqués"
"0877";"C.";"del";"Vuit de Març de 1908";"Carrer del Vuit de Març de 1908"
"0878";"C.";"de";"Can Turon";"Carrer de Can Turon"
"0879";"Pl.";"de l'";"Avellaneda";"Plaça de l'Avellaneda"
"0880";"C.";"de";"Ricard Viladesau i Caner";"Carrer de Ricard Viladesau i Caner"
"0881";"Pl.";"de l'";"Acàcia";"Plaça de l'Acàcia"
"0882";"Camí";"del";"Pla de Dalt";"Camí del Pla de Dalt"
"0883";"Camí";"de";"Can Carreres";"Camí de Can Carreres"
"0884";"C.";"de";"Can Cases";"Carrer de Can Cases"
"0885";"C.";"de la";"Font de la Teula";"Carrer de la Font de la Teula"
"0886";"Rot.";"de la";"Carretera Antiga d'Amer";"Rotonda de la Carretera Antiga d'Amer"
"0887";"Rot.";"del";"Pont de la Barca";"Rotonda del Pont de la Barca"
"0888";"Rot.";"de";"Santa Eugènia";"Rotonda de Santa Eugènia"
"0889";"Rot.";"d'";"Emili Grahit";"Rotonda d'Emili Grahit"
"0890";"Rot.";"del";"Passeig d'Olot";"Rotonda del Passeig d'Olot"
"0891";"C.";"de";"Francesc Ferrer i Gironès";"Carrer de Francesc Ferrer i Gironès"
"0892";"Pl.";"de";"Celestina Vigneaux i Cibils";"Plaça de Celestina Vigneaux i Cibils"
"0893";"Pl.";"de";"Valentí Fargnoli";"Plaça de Valentí Fargnoli"
"0894";"C.";"del";"Mas Palahí";"Carrer del Mas Palahí"
"0895";"C.";"de les";"Terreres";"Carrer de les Terreres"
"0896";"Rot.";"de";"Joaquim Vayreda";"Rotonda de Joaquim Vayreda"
"0897";"Rot.";"del";"Migdia";"Rotonda del Migdia"
"0898";"Pl.";"de";"Joaquim Pla i Dalmau";"Plaça de Joaquim Pla i Dalmau"
"0899";"C.";"dels";"Germans Busquets";"Carrer dels Germans Busquets"
"0900";"C.";"d'";"Antoni Barnés i Gultresa";"Carrer d'Antoni Barnés i Gultresa"
"0901";"Pl.";"de";"Josep Maria Puig i Salellas";"Plaça de Josep Maria Puig i Salellas"
"0902";"Rot.";"de";"Barcelona";"Rotonda de Barcelona"
"0903";"C.";"de";"Joan Amades i Gelats";"Carrer de Joan Amades i Gelats"
"0904";"C.";"d'";"Ovidi Montllor";"Carrer d'Ovidi Montllor"
"0905";"Rot.";"de";"Marie Curie";"Rotonda de Marie Curie"
"0906";"C.";"de";"Marie Curie";"Carrer de Marie Curie"
"0907";"C.";"de";"Jaume Pol i Perera";"Carrer de Jaume Pol i Perera"
"0908";"C.";"de";"Francesca Bonnemaison i Farriols";"Carrer de Francesca Bonnemaison i Farriols"
"0909";"C.";"de";"Can Segalars";"Carrer de Can Segalars"
"0910";"C.";"de";"Gabriel Roura i Güibas";"Carrer de Gabriel Roura i Güibas"
"0911";"Pl.";"de";"Manuel Vázquez Montalbán";"Plaça de Manuel Vázquez Montalbán"
"0912";"Plta.";"de";"Maria Laffitte Masjoan";"Placeta de Maria Laffitte Masjoan"
"0913";"C.";"de";"Roberto Bolaño Ávalos";"Carrer de Roberto Bolaño Ávalos"
"0914";"Pl.";"de";"Sebastià Salellas i Magret";"Plaça de Sebastià Salellas i Magret"
"0915";"Jdins.";"de";"Vicenç Albert Ballester i Camps";"Jardins de Vicenç Albert Ballester i Camps"
"0916";"Pl.";"de la";"Pau";"Plaça de la Pau"
"0917";"Pl.";"de";"Leonor Joher Besalú";"Plaça de Leonor Joher Besalú"
"0918";"Pl.";"de";"Louis Braille";"Plaça de Louis Braille"
"0919";"Ptge.";"d'";"Aristides Maillol";"Passatge d'Aristides Maillol"
"0920";"Parc";"de";"Francesc Sabaté i Llopart";"Parc de Francesc Sabaté i Llopart"
"0921";"Mir.";"del";"Carrer de les Dones";"Mirador del Carrer de les Dones"
"0922";"Mir.";"de la";"Torre d'Alfons XII";"Mirador de la Torre d'Alfons XII"
"0923";"Mir.";"dels";"Polvorins";"Mirador dels Polvorins"
"0924";"Mir.";"de la";"Muntanya de la O";"Mirador de la Muntanya de la O"
"0925";"Mir.";"del";"Turó de Can Garcia";"Mirador del Turó de Can Garcia"
"0926";"Pl.";"de";"Josep Maria Lidón Corbí";"Plaça de Josep Maria Lidón Corbí"
"0927";"C.";"de";"Damià Escuder i Lladó";"Carrer de Damià Escuder i Lladó"
"0928";"C.";"de";"Lluís Maria Xirinacs i Damians";"Carrer de Lluís Maria Xirinacs i Damians"
"0929";"C.";"de";"Pere Rodeja i Ponsatí";"Carrer de Pere Rodeja i Ponsatí"
"0930";"Pg.";"de";"Feliu Matamala i Teixidor";"Passeig de Feliu Matamala i Teixidor"
"0931";"Parc";"de";"Miquel Pairolí i Sarrà";"Parc de Miquel Pairolí i Sarrà"
"0932";"Jdins.";"de";"Pablo García Cortés, Pablito";"Jardins de Pablo García Cortés, Pablito"
"0933";"Plta.";"de les";"Homilies d'Organyà";"Placeta de les Homilies d'Organyà"
"0934";"Rot.";"del";"Tren d'Olot";"Rotonda del Tren d'Olot"
"0935";"Pl.";"de la";"Font";"Plaça de la Font"
"0936";"Pl.";"dels";"Manaies de Girona";"Plaça dels Manaies de Girona"
"0937";"Parc";"de";"Núria Terés i Bonet";"Parc de Núria Terés i Bonet"
"0938";"Camp";"de";"Bèlit";"Camp de Bèlit"
"0939";"Pont";"de la";"Font del Rei";"Pont de la Font del Rei"
"0940";"Pont";"de l'";"Areny";"Pont de l'Areny"
"0941";"Pont";"de l'";"Alferes Huarte";"Pont de l'Alferes Huarte"
"0942";"Pont";"de";"Pedra";"Pont de Pedra"
"0943";"Pont";"de les";"Peixateries Velles";"Pont de les Peixateries Velles"
"0944";"Pont";"de";"Sant Agustí";"Pont de Sant Agustí"
"0945";"Pont";"d'en";"Gómez";"Pont d'en Gómez"
"0946";"Pont";"de la";"Barca";"Pont de la Barca"
"0947";"Pont";"de";"Pedret";"Pont de Pedret"
"0948";"Pont";"de l'";"Aigua";"Pont de l'Aigua"
"0949";"Pont";"de la";"Plaça dels Jurats";"Pont de la Plaça dels Jurats"
"0950";"Pont";"de la";"Font del Bisbe";"Pont de la Font del Bisbe"
"0951";"Pont";"d'en";"Pericot";"Pont d'en Pericot"
"0952";"Mir.";"de";"Lluís Maria de Puig i Olivé";"Mirador de Lluís Maria de Puig i Olivé"
"0953";"Pl.";"de l'";"U d'Octubre de 2017";"Plaça de l'U d'Octubre de 2017"
"0954";"Parc";"del";"Migdia";"Parc del Migdia"
"0955";"Pont";"de l'";"Aurora";"Pont de l'Aurora"
"0956";"Parc";"-";"Central de Rafael Masó i Valentí";"Parc Central de Rafael Masó i Valentí"
"0957";"Jdins.";"de";"Modest Prats i Domingo";"Jardins de Modest Prats i Domingo"
"0958";"Jdins.";"de";"Rosa Bonillo González";"Jardins de Rosa Bonillo González"
"0959";"Parc";"d'";"Adelina Cortina Benajas";"Parc d'Adelina Cortina Benajas"
"0960";"Pg.";"de";"Francina Boris i Codina";"Passeig de Francina Boris i Codina"
"0961";"Pl.";"de";"Teresa Borín i Arbat";"Plaça de Teresa Borín i Arbat"
"0962";"Pont";"del";"Dimoni";"Pont del Dimoni"
"0963";"Jdí.";"de la";"Pau";"Jardí de la Pau"
"0964";"Rot.";"d'";"Ultònia";"Rotonda d'Ultònia"
"0965";"Rot.";"del";"Pont Major";"Rotonda del Pont Major"
"0966";"Pont";"de";"Josep Tarradellas i Joan";"Pont de Josep Tarradellas i Joan"
"0967";"Pass.";"de la";"Riera Gornau";"Passera de la Riera Gornau"
"0968";"Pl.";"de";"Fidel de Palau i Lola de Can Vert";"Plaça de Fidel de Palau i Lola de Can vert"
"0969";"Jdins.";"d'";"Esperança Bru i Oller";"Jardins d'Esperança Bru i Oller"
"0970";"Parc";"de";"Jordi Vilamitjana i Pujol";"Parc de Jordi Vilamitjana i Pujol"
"0971";"Plta.";"de";"Pepa Bouis i Gutiérrez";"Placeta de Pepa Bouis i Gutiérrez"
"0972";"Plta.";"de";"Mercè Huerta i Busquets";"Placeta de Mercè Huerta i Busquets"
"0973";"Parc";"de";"Pepe Guerrero Romero";"Parc de Pepe Guerrero Romero"
"0974";"Pl. ";"de";"Dolors Condom i Gratacós";"Plaça de Dolors Condom i Gratacós"
"0975";"Plta. ";"de";"Jaume Curbet i Hereu";"Placeta de Jaume Curbet i Hereu"
"0976";"Parc";"de la ";"Guingueta de Fontajau";"Parc de la Guingueta de Fontajau"
"0977";"Jdí.";"de la ";"Infància";"Jardí de la Infància"
"0978";"Pl.";"de la";"Sardana";"Plaça de la Sardana"
"0979";"Pl.";"de les";"Sardanes";"Plaça de les Sardanes"
"0980";"Pl.";"de la";"Font de la Lluna";"Plaça de la Font de la Lluna"
"0981";"Plta.";"dels";"Seixanta-quatre";"Placeta dels Seixanta-quatre"
"0982";"Pda. ";"de la ";"Font de Germans Sàbat";"Pujada de la Font de Germans Sàbat"
"0983";"C.";"de";"Maria Prat i Colom";"Carrer de Maria Prat i Colom"
"0984";"C. ";"de";"Margarita Díaz gimbernat";"Carrer de Margarita Díaz Gimbernat"
"0985";"C. ";"de les";"Botigueres";"Carrer de les Botigueres"
"0986";"C.";"dels";"Perruquers";"Carrer dels Perruquers"
"0987";"C.";"del";"Mig";"Carrer del Mig"
"0988";"C.";"del";"Camp de Futbol";"Carrer del Camp de Futbol"
"0989";"C.";"de les";"Dones";"Carrer de les Dones"
"0990";"C.";"de l'";"Autopista";"Carrer de l'Autopista"
"0991";"C.";"del";"Pi";"Carrer del Pi"
"0992";"C.";"";"Petit";"Carrer Petit"
"0993";"C.";"dels";"Mestres";"Carrer dels Mestres"
"0994";"C.";"del";"Dotze d'Agost";"Carrer del Dotze d'Agost"
"0995";"C.";"de les";"Monges Vedruna";"Carrer de les Monges Vedruna"
"0996";"C.";"de la ";"Mutualitat";"Carrer de la Mututalitat"
"0997";"C.";"del";"Pou";"Carrer del Pou"
"0998";"Pl.";"de la ";"Verge del Pi";"Plaça de la Verge del Pi"
"0999";"Pl.";"del";"Capellà";"Plaça del Capellà"
